-- MySQL dump 10.13  Distrib 5.7.19, for Linux (x86_64)
--
-- Host: localhost    Database: training
-- ------------------------------------------------------
-- Server version	5.7.19-0ubuntu0.16.04.1

/*!40101 SET @OLD_CHARACTER_SET_CLIENT=@@CHARACTER_SET_CLIENT */;
/*!40101 SET @OLD_CHARACTER_SET_RESULTS=@@CHARACTER_SET_RESULTS */;
/*!40101 SET @OLD_COLLATION_CONNECTION=@@COLLATION_CONNECTION */;
/*!40101 SET NAMES utf8 */;
/*!40103 SET @OLD_TIME_ZONE=@@TIME_ZONE */;
/*!40103 SET TIME_ZONE='+00:00' */;
/*!40014 SET @OLD_UNIQUE_CHECKS=@@UNIQUE_CHECKS, UNIQUE_CHECKS=0 */;
/*!40014 SET @OLD_FOREIGN_KEY_CHECKS=@@FOREIGN_KEY_CHECKS, FOREIGN_KEY_CHECKS=0 */;
/*!40101 SET @OLD_SQL_MODE=@@SQL_MODE, SQL_MODE='NO_AUTO_VALUE_ON_ZERO' */;
/*!40111 SET @OLD_SQL_NOTES=@@SQL_NOTES, SQL_NOTES=0 */;

--
-- Table structure for table `account`
--

DROP TABLE IF EXISTS `account`;
/*!40101 SET @saved_cs_client     = @@character_set_client */;
/*!40101 SET character_set_client = utf8 */;
CREATE TABLE `account` (
  `id` int(11) NOT NULL AUTO_INCREMENT,
  `password` varchar(32) NOT NULL,
  `autho` enum('admin','trainer','trainee') DEFAULT NULL,
  `fullName` varchar(64) CHARACTER SET utf8 NOT NULL,
  `gender` enum('male','female','other') DEFAULT 'male',
  `dateOfBirth` date DEFAULT NULL,
  `address` varchar(64) CHARACTER SET utf8 NOT NULL,
  `phoneNumber` varchar(11) DEFAULT NULL,
  `email` varchar(64) DEFAULT NULL,
  `profilePic` varchar(1024) DEFAULT 'account.jpg',
  `deleteAt` date DEFAULT NULL,
  PRIMARY KEY (`id`)
) ENGINE=InnoDB AUTO_INCREMENT=102130068 DEFAULT CHARSET=latin1;
/*!40101 SET character_set_client = @saved_cs_client */;

--
-- Dumping data for table `account`
--

LOCK TABLES `account` WRITE;
/*!40000 ALTER TABLE `account` DISABLE KEYS */;
INSERT INTO `account` VALUES (102130000,'827ccb0eea8a706c4c34a16891f84e7b','admin','Nguyen Huu Hung','male','1995-09-09','Da Nang','01268455293','huuhung.luyt@gmail.com','account.jpg',NULL),(102130001,'827ccb0eea8a706c4c34a16891f84e7b','trainee','Tran Cam Le','male','1995-09-06','Main St. 123, New York','01287696861','camle69@gmail.com','account.jpg',NULL),(102130002,'827ccb0eea8a706c4c34a16891f84e7b','trainer','Le Hai Nghi','other','1995-09-07','Da Nang','0123696912','nghingau@gmail.com','account.jpg',NULL),(102130003,'827ccb0eea8a706c4c34a16891f84e7b','trainee','Le Van Tung','male','1995-09-08','Hue','1287696863','tung@gmail.com','account.jpg',NULL),(102130004,'827ccb0eea8a706c4c34a16891f84e7b','admin','Vo Van Hoan','male','1995-09-09','Quang Tri','1287696864','hoan@gmail.com','account.jpg',NULL),(102130005,'827ccb0eea8a706c4c34a16891f84e7b','trainer','Vo Van Chien','male','1995-09-10','Quang Tri','1287696865','chien@gmail.com','account.jpg',NULL),(102130006,'827ccb0eea8a706c4c34a16891f84e7b','trainee','Nguyen Huu Luyt','male','1995-09-11','Hue','1287696866','hung@gmail.com','account.jpg',NULL),(102130007,'827ccb0eea8a706c4c34a16891f84e7b','admin','Le Thi Tung','female','1995-09-12','Hue','1287696867','thitung@gmail.com','account.jpg',NULL),(102130008,'827ccb0eea8a706c4c34a16891f84e7b','trainer','Nguyen Huu Hung','male','1995-09-13','Quang Nam','1287696868','thihung@gmail.com','account.jpg',NULL),(102130009,'827ccb0eea8a706c4c34a16891f84e7b','trainee','Le Tung Lam','male','1995-09-14','Ha Tinh','1287696869','tunglam@gmail.com','account.jpg',NULL),(102130010,'827ccb0eea8a706c4c34a16891f84e7b','admin','Vo Hoan','male','1995-09-15','Nghe An','1287696870','vohoan@gmail.com','account.jpg',NULL),(102130011,'827ccb0eea8a706c4c34a16891f84e7b','admin','Tran Cam Le','female','1995-09-06','Da Nang','1287696861','cuuvuive@gmail.com','account.jpg',NULL),(102130012,'011f229d19b0759d04d317b5faee550e','trainer','Vo Hoan','female','1987-06-10','Nguyen Luong Bang, Nguyen Luong Bang','0941394159','hoanvv.it@gmail.com','account.jpg',NULL),(102130015,'827ccb0eea8a706c4c34a16891f84e7b','trainee','Vo Hoan','male','2017-06-16','Nguyen Luong Bang, Nguyen Luong Bang','941394159','phongtro69@gmail.com','account.jpg',NULL),(102130016,'827ccb0eea8a706c4c34a16891f84e7b','trainee','Vo Văn Hoan','male','2017-06-23','Nguyen Luong Bang, Nguyen Luong Bang','941394159','phongtro69@gmail.com','account.jpg',NULL),(102130017,'827ccb0eea8a706c4c34a16891f84e7b','trainee','Ngo Thi Nhi','female','1996-06-18','Nguyen Luong Ban, Lien Chieu, Da Nang','0941394159','ngothinhi@gmail.com','account.jpg',NULL),(102130018,'827ccb0eea8a706c4c34a16891f84e7b','trainee','Nguyen Nhan','male','1996-06-21','Nguyen Chanh, Da Nang','0985255445','nhannguyen@gmail.com','account.jpg',NULL),(102130019,'827ccb0eea8a706c4c34a16891f84e7b','trainee','Le Thi Lenh','female','1991-10-31','Nguyen Sinh Sac, Da Nang','0987554122','lenhlethi@gmail.com','account.jpg',NULL),(102130020,'827ccb0eea8a706c4c34a16891f84e7b','trainee','Tran Cam Te','female','1995-09-06','Hoa Vang, Da Nang','0984555445','camte@gmail.com','account.jpg',NULL),(102130021,'827ccb0eea8a706c4c34a16891f84e7b','trainee','Hoang Thi Yen','female','1995-09-06','Le Do, Da Nang','0985512254','thiyen@gmail.com','account.jpg',NULL),(102130022,'827ccb0eea8a706c4c34a16891f84e7b','trainee','Vo Hoan','male','2017-06-26','Nguyen Luong Bang, Nguyen Luong Bang','941394159','phongtro69@gmail.com','account.jpg',NULL),(102130027,'827ccb0eea8a706c4c34a16891f84e7b','trainer','Lu Thi Banh','female','2017-06-26','Hoang Van Thai, Da Nang','0985122232','luthibanh@gmail.com','account.jpg',NULL),(102130028,'827ccb0eea8a706c4c34a16891f84e7b','trainer','Vo Thi Hong','female','1998-06-04','Nguyen Luong Bang, Nguyen Luong Bang','0941394159','phongtro6932@gmail.com','account.jpg',NULL),(102130029,'827ccb0eea8a706c4c34a16891f84e7b','trainer','Duong Tuong','male','1996-06-01','Danang','01234567890','aaa@gmail.com','account.jpg',NULL),(102130030,'827ccb0eea8a706c4c34a16891f84e7b','trainee','Chim Thi To','female','1992-06-02','Lien Chieu, Da Nang','01234565552','chimthito@gmail.com','account.jpg',NULL),(102130031,'827ccb0eea8a706c4c34a16891f84e7b','trainee','Dinh Manh','male','2017-06-27','Nguyen Luong Bang, Nguyen Luong Bang','941394159','phongtro69@gmail.com','account.jpg',NULL),(102130032,'827ccb0eea8a706c4c34a16891f84e7b','trainee','Dinh Ngu','male','2017-06-27','Nguyen Luong Bang, Nguyen Luong Bang','941394159','phongtro69@gmail.com','account.jpg',NULL),(102130033,'827ccb0eea8a706c4c34a16891f84e7b','trainer','Tran Van Tai','male','1995-06-02','Nguyen Luong Bang, Nguyen Luong Bang','941394159','phongtro69@gmail.com','account.jpg',NULL),(102130034,'25d55ad283aa400af464c76d713c07ad','trainee','Nguyen Tan Dat','male','1995-06-28','Nguyen Luong Bang, Nguyen Luong Bang','0941394159','phongtro69@gmail.com','account.jpg',NULL),(102130035,'25d55ad283aa400af464c76d713c07ad','trainer','Le Thi Tham','female','1993-02-02','Nguyen Luong Bang, Da Nang','0123652544','phongtro6996@gmail.com','account.jpg',NULL),(102130036,'25d55ad283aa400af464c76d713c07ad','trainer','Phan Thi Minh','female','1997-02-23','Ngu Hanh Son, Da Nang','01235445522','minhthanh@gmail.com','account.jpg',NULL),(102130037,'25d55ad283aa400af464c76d713c07ad','trainer','Le Thi Lun','female','1995-06-08','Le Duan, Da Nang','0982123131','lelung@gmail.com','account.jpg',NULL),(102130038,'25d55ad283aa400af464c76d713c07ad','trainer','Nguyen Thanh Trung','male','1995-06-23','Tran Phu, Da nang','092321231','thantrung@gmail.com','account.jpg',NULL),(102130039,'25d55ad283aa400af464c76d713c07ad','trainee','Na Na','female','1995-06-06','Le Dinh Ly, Da Nang','0985221525','nana@gmail.com','account.jpg',NULL),(102130040,'25d55ad283aa400af464c76d713c07ad','trainee','Philip','female','1994-09-09','Main St. 123, New York','0985221525','fasdhfkjhajd@gmail.com','account.jpg',NULL),(102130041,'25d55ad283aa400af464c76d713c07ad','trainer','Le Thi Binh','other','1986-06-02','Main St. 123, New York','0985221525','adgadsga@gmail.com','account.jpg',NULL),(102130042,'25d55ad283aa400af464c76d713c07ad','trainer','Nguyen Van Binh','male','2017-06-30','Ha Noi','235235234','nguyenbinh@gmail.com','account.jpg',NULL),(102130043,'e10adc3949ba59abbe56e057f20f883e','trainer','Vo Thi Hong','female','1996-07-17','Phan Dang Luu, Da Nang','0985221525','231321321@gmail.com.vn','account.jpg',NULL),(102130044,'25d55ad283aa400af464c76d713c07ad','trainer','Vo Van Nam','male','1993-07-07','Yen The, Da Nang','0982452222','vannam@gmail.com','account.jpg',NULL),(102130045,'25d55ad283aa400af464c76d713c07ad','trainer','Tran Hung','male','1994-07-21','Bac Son, Da Nang','0123564885','tranhung@gmail.com','account.jpg',NULL),(102130046,'25d55ad283aa400af464c76d713c07ad','trainer','Le Tran','female','2017-07-03','Nam Dan, Da Nang','0125463252','letran@gmail.com','account.jpg',NULL),(102130047,'827ccb0eea8a706c4c34a16891f84e7b','trainer','Nguyen Manh Hung','male','2017-07-03','Ton Dan, Da Nang','0965366522','manhhung@gmail.com','account.jpg',NULL),(102130048,'25d55ad283aa400af464c76d713c07ad','trainer','Le Tham Duong','male','1993-03-31','Nguyen Sinh Sac, Da Nang','0123563222','leduong@gmail.com','account.jpg',NULL),(102130049,'25d55ad283aa400af464c76d713c07ad','trainee','Looking Luke','male','1989-07-05','455 Hoang Dieu, Danang','01696969696','lluke@enclave.vn','account.jpg',NULL),(102130050,'25d55ad283aa400af464c76d713c07ad','trainer','Le Hai Nghi','female','2017-07-06','Danang','0123456789','abc@gmail.com','account.jpg',NULL),(102130051,'25d55ad283aa400af464c76d713c07ad','trainee','Vo Thi Tam','female','1992-07-07','Hoang Dieu, Da Nang','01287968661','thitam@gmail.com','account.jpg',NULL),(102130052,'25d55ad283aa400af464c76d713c07ad','trainee','Nguyen Hung','male','2017-07-06','Main St. 123, New York','12312312312','fasf@fasdfa.com','account.jpg',NULL),(102130053,'25d55ad283aa400af464c76d713c07ad','trainee','Nguyen Nghi','male','2017-07-06','Main St. 123, New York','2132131231','sdfas@asdf.com','account.jpg',NULL),(102130054,'25d55ad283aa400af464c76d713c07ad','trainer','Nguyen Le','male','2017-07-06','Main St. 123, New York','2131231231','sdfsd@sdfsd.dfs','account.jpg',NULL),(102130055,'25d55ad283aa400af464c76d713c07ad','trainer','Nguyen Hoan','male','2017-07-06','Main St. 123, New York','2312312311','adasd@adasd.com','account.jpg',NULL),(102130056,'25d55ad283aa400af464c76d713c07ad','trainer','Nguyen Hoang','male','2017-07-06','Main St. 123, New York','1231231231','adasd@adasd.com','account.jpg',NULL),(102130057,'25d55ad283aa400af464c76d713c07ad','trainer','Nguyen Pham','male','2017-07-06','Main St. 123, New York','1231231232','adasd@adasd.com','account.jpg',NULL),(102130058,'25d55ad283aa400af464c76d713c07ad','trainer','Nguyen Cho','male','2017-07-06','Main St. 123, New York','31231231311','adasd@adasd.com','account.jpg',NULL),(102130059,'25d55ad283aa400af464c76d713c07ad','trainee','Nguyen Ga','male','2017-07-06','Main St. 123, New York','1231231231','asdas@dsfa.com','account.jpg',NULL),(102130060,'25d55ad283aa400af464c76d713c07ad','trainer','Ha Van Loi','male','2017-07-06','Ha Noi','12312312312','adasd@adasd.com','account.jpg',NULL),(102130061,'25d55ad283aa400af464c76d713c07ad','trainer','Vo Thi Lam','female','1997-07-16','Hoang Dieu, Da nang','01287968661','thilam@gmail.com','account.jpg',NULL),(102130062,'25d55ad283aa400af464c76d713c07ad','trainer','NGhi','female','1995-07-07','Main St. 123, New York','1234567892','abc@gmail','account.jpg',NULL),(102130063,'25d55ad283aa400af464c76d713c07ad','trainee','Minh Thi Thi','female','1995-06-29','Hoang Dieu, Da nang','01287968661','minhthi@gmail.com','account.jpg',NULL),(102130064,'25d55ad283aa400af464c76d713c07ad','trainee','Minh Thi','female','2017-07-10','Hoang Dieu, Da nang','01287968661','minhthi1@gmail.com','account.jpg',NULL),(102130065,'25d55ad283aa400af464c76d713c07ad','trainer','Minh Tuan','male','2017-07-10','Hoang Dieu, Da nang','01287968661','minhtuan@gmail.com','account.jpg',NULL),(102130066,'25d55ad283aa400af464c76d713c07ad','trainer','Tran Van Hoi','male','1985-03-07','Quan Cau Giay, Ha Noi','01236525632','vanhoi@gmail.com','account.jpg',NULL),(102130067,'25d55ad283aa400af464c76d713c07ad','trainee','Nguyen Thi Binh','female','1990-07-13','Nguyen Khien, Da Nang','09413941591','ngthibinh@gmail.com','account.jpg',NULL);
/*!40000 ALTER TABLE `account` ENABLE KEYS */;
UNLOCK TABLES;

--
-- Table structure for table `course`
--

DROP TABLE IF EXISTS `course`;
/*!40101 SET @saved_cs_client     = @@character_set_client */;
/*!40101 SET character_set_client = utf8 */;
CREATE TABLE `course` (
  `id` int(11) NOT NULL AUTO_INCREMENT,
  `majorId` int(11) DEFAULT NULL,
  `trainerId` int(11) NOT NULL,
  `state` enum('approved','opened','closed','reopened') DEFAULT NULL,
  `required` int(11) DEFAULT '0',
  `numOfLessons` int(11) DEFAULT '3',
  `startDate` date DEFAULT NULL,
  `endDate` date DEFAULT NULL,
  PRIMARY KEY (`id`),
  KEY `trainerId` (`trainerId`),
  KEY `majorId` (`majorId`),
  CONSTRAINT `course_ibfk_2` FOREIGN KEY (`trainerId`) REFERENCES `trainer` (`id`),
  CONSTRAINT `course_ibfk_4` FOREIGN KEY (`majorId`) REFERENCES `major` (`id`)
) ENGINE=InnoDB AUTO_INCREMENT=108 DEFAULT CHARSET=latin1;
/*!40101 SET character_set_client = @saved_cs_client */;

--
-- Dumping data for table `course`
--

LOCK TABLES `course` WRITE;
/*!40000 ALTER TABLE `course` DISABLE KEYS */;
INSERT INTO `course` VALUES (1,1,102130002,'closed',1,3,'2017-07-17','2017-07-28'),(5,1,102130002,'opened',0,3,'2017-08-19','2017-08-29'),(14,1,102130002,'approved',0,3,'2017-09-06','2017-09-23'),(15,3,102130008,'approved',0,3,'2017-09-25','2017-10-13'),(22,3,102130029,'opened',1,3,'2017-09-09','2017-09-21'),(23,4,102130005,'approved',0,3,'2017-07-03','2017-07-20'),(25,1,102130002,'opened',0,3,'2017-10-09','2017-10-21'),(28,3,102130028,'opened',1,3,'2017-10-25','2017-11-13'),(33,1,102130002,'opened',1,3,'2017-11-17','2017-12-04'),(34,5,102130002,'approved',0,3,'2017-12-14','2017-12-25'),(35,4,102130005,'opened',1,4,'2017-10-20','2017-10-28'),(36,4,102130033,'opened',1,21,'2017-07-20','2017-08-17'),(37,4,102130033,'approved',0,9,'2017-07-20','2017-07-29'),(42,3,102130035,'approved',0,5,'2017-07-20','2017-07-29'),(43,1,102130002,'approved',0,1,'2017-07-19','2017-07-19'),(44,4,102130045,'opened',1,3,'2017-07-20','2017-07-27'),(45,1,102130012,'approved',0,3,'2017-07-20','2017-07-28'),(46,1,102130002,'approved',0,0,'2017-12-14','2017-12-25'),(47,1,102130002,'approved',0,14,'2017-07-18','2017-08-18'),(82,1,102130002,'approved',0,1,'2017-08-01','2017-08-01'),(90,1,102130002,'opened',0,2,'2017-07-21','2017-07-31'),(91,1,102130002,'opened',0,2,'2017-07-21','2017-07-31'),(92,1,102130002,'opened',0,1,'2017-11-29','2017-12-01'),(93,3,102130047,'opened',1,8,'2017-07-28','2017-08-28'),(94,3,102130008,'opened',1,8,'2017-07-28','2017-08-28'),(95,4,102130045,'opened',0,10,'2017-09-20','2017-10-25'),(96,4,102130005,'opened',0,17,'2017-10-23','2017-11-30'),(97,2,102130038,'opened',1,13,'2017-07-28','2017-08-28'),(98,4,102130005,'opened',0,10,'2017-12-04','2017-12-15'),(99,2,102130048,'opened',1,4,'2017-10-03','2017-10-10'),(100,2,102130048,'approved',0,6,'2017-12-04','2017-12-13'),(101,4,102130005,'opened',0,5,'2017-08-13','2017-08-31'),(102,2,102130046,'approved',0,1,'2017-07-31','2017-07-31'),(103,1,102130027,'opened',0,7,'2017-11-01','2017-11-15'),(104,1,102130061,'opened',1,13,'2017-08-02','2017-08-31'),(105,3,102130008,'opened',1,13,'2017-08-02','2017-08-31'),(106,1,102130002,'approved',0,4,'2017-08-03','2017-08-31'),(107,1,102130027,'approved',0,4,'2017-08-03','2017-08-31');
/*!40000 ALTER TABLE `course` ENABLE KEYS */;
UNLOCK TABLES;

--
-- Table structure for table `hour`
--

DROP TABLE IF EXISTS `hour`;
/*!40101 SET @saved_cs_client     = @@character_set_client */;
/*!40101 SET character_set_client = utf8 */;
CREATE TABLE `hour` (
  `id` int(11) NOT NULL AUTO_INCREMENT,
  `startHour` time NOT NULL,
  `endHour` time NOT NULL,
  PRIMARY KEY (`id`)
) ENGINE=InnoDB AUTO_INCREMENT=5 DEFAULT CHARSET=latin1;
/*!40101 SET character_set_client = @saved_cs_client */;

--
-- Dumping data for table `hour`
--

LOCK TABLES `hour` WRITE;
/*!40000 ALTER TABLE `hour` DISABLE KEYS */;
INSERT INTO `hour` VALUES (1,'07:00:00','08:50:00'),(2,'09:00:00','10:50:00'),(3,'13:00:00','14:50:00'),(4,'15:00:00','16:50:00');
/*!40000 ALTER TABLE `hour` ENABLE KEYS */;
UNLOCK TABLES;

--
-- Table structure for table `learning`
--

DROP TABLE IF EXISTS `learning`;
/*!40101 SET @saved_cs_client     = @@character_set_client */;
/*!40101 SET character_set_client = utf8 */;
CREATE TABLE `learning` (
  `traineeId` int(11) NOT NULL,
  `courseId` int(11) NOT NULL,
  `status` enum('learning','passed','failed','waiting') DEFAULT NULL,
  PRIMARY KEY (`traineeId`,`courseId`),
  KEY `courseId` (`courseId`),
  CONSTRAINT `learning_ibfk_1` FOREIGN KEY (`traineeId`) REFERENCES `trainee` (`id`),
  CONSTRAINT `learning_ibfk_2` FOREIGN KEY (`courseId`) REFERENCES `course` (`id`)
) ENGINE=InnoDB DEFAULT CHARSET=latin1;
/*!40101 SET character_set_client = @saved_cs_client */;

--
-- Dumping data for table `learning`
--

LOCK TABLES `learning` WRITE;
/*!40000 ALTER TABLE `learning` DISABLE KEYS */;
INSERT INTO `learning` VALUES (102130001,1,'passed'),(102130001,5,'passed'),(102130001,14,'waiting'),(102130001,15,'waiting'),(102130001,22,'passed'),(102130001,23,'waiting'),(102130001,28,'learning'),(102130001,33,'learning'),(102130001,34,'waiting'),(102130001,35,'learning'),(102130001,36,'learning'),(102130001,42,'waiting'),(102130001,44,'learning'),(102130001,46,'waiting'),(102130001,93,'learning'),(102130001,94,'learning'),(102130001,97,'learning'),(102130001,99,'learning'),(102130001,104,'learning'),(102130001,105,'learning'),(102130003,1,'passed'),(102130003,15,'waiting'),(102130003,22,'learning'),(102130003,28,'learning'),(102130003,33,'learning'),(102130003,35,'learning'),(102130003,36,'learning'),(102130003,44,'learning'),(102130003,93,'learning'),(102130003,94,'learning'),(102130003,97,'learning'),(102130003,99,'learning'),(102130003,104,'learning'),(102130003,105,'learning'),(102130006,1,'passed'),(102130006,5,'failed'),(102130006,15,'waiting'),(102130006,22,'learning'),(102130006,28,'learning'),(102130006,33,'learning'),(102130006,35,'learning'),(102130006,36,'learning'),(102130006,44,'learning'),(102130006,90,'learning'),(102130006,91,'learning'),(102130006,92,'learning'),(102130006,93,'learning'),(102130006,94,'learning'),(102130006,95,'learning'),(102130006,96,'learning'),(102130006,97,'learning'),(102130006,98,'learning'),(102130006,99,'learning'),(102130006,101,'learning'),(102130006,104,'learning'),(102130006,105,'learning'),(102130009,1,'failed'),(102130009,5,'passed'),(102130009,15,'waiting'),(102130009,22,'learning'),(102130009,28,'learning'),(102130009,33,'learning'),(102130009,35,'learning'),(102130009,36,'learning'),(102130009,44,'learning'),(102130009,93,'learning'),(102130009,94,'learning'),(102130009,97,'learning'),(102130009,99,'learning'),(102130009,104,'learning'),(102130009,105,'learning'),(102130015,1,'passed'),(102130015,5,'passed'),(102130015,15,'waiting'),(102130015,22,'learning'),(102130015,23,'waiting'),(102130015,28,'learning'),(102130015,33,'learning'),(102130015,35,'learning'),(102130015,36,'learning'),(102130015,44,'learning'),(102130015,90,'learning'),(102130015,91,'learning'),(102130015,92,'learning'),(102130015,93,'learning'),(102130015,94,'learning'),(102130015,95,'learning'),(102130015,96,'learning'),(102130015,97,'learning'),(102130015,98,'learning'),(102130015,99,'learning'),(102130015,101,'learning'),(102130015,104,'learning'),(102130015,105,'learning'),(102130016,1,'passed'),(102130016,22,'learning'),(102130016,28,'learning'),(102130016,33,'learning'),(102130016,35,'learning'),(102130016,36,'learning'),(102130016,44,'learning'),(102130016,93,'learning'),(102130016,94,'learning'),(102130016,95,'learning'),(102130016,96,'learning'),(102130016,97,'learning'),(102130016,98,'learning'),(102130016,99,'learning'),(102130016,101,'learning'),(102130016,104,'learning'),(102130016,105,'learning'),(102130017,1,'failed'),(102130017,5,'failed'),(102130017,22,'learning'),(102130017,28,'learning'),(102130017,33,'learning'),(102130017,35,'learning'),(102130017,36,'learning'),(102130017,44,'learning'),(102130017,93,'learning'),(102130017,94,'learning'),(102130017,97,'learning'),(102130017,99,'learning'),(102130017,104,'learning'),(102130017,105,'learning'),(102130018,1,'failed'),(102130018,5,'failed'),(102130018,22,'learning'),(102130018,28,'learning'),(102130018,33,'learning'),(102130018,35,'learning'),(102130018,36,'learning'),(102130018,44,'learning'),(102130018,90,'learning'),(102130018,91,'learning'),(102130018,92,'learning'),(102130018,93,'learning'),(102130018,94,'learning'),(102130018,97,'learning'),(102130018,99,'learning'),(102130018,104,'learning'),(102130018,105,'learning'),(102130019,1,'failed'),(102130019,22,'learning'),(102130019,28,'learning'),(102130019,33,'learning'),(102130019,35,'learning'),(102130019,36,'learning'),(102130019,44,'learning'),(102130019,93,'learning'),(102130019,94,'learning'),(102130019,97,'learning'),(102130019,99,'learning'),(102130019,104,'learning'),(102130019,105,'learning'),(102130020,1,'passed'),(102130020,22,'learning'),(102130020,28,'learning'),(102130020,33,'learning'),(102130020,35,'learning'),(102130020,36,'learning'),(102130020,44,'learning'),(102130020,93,'learning'),(102130020,94,'learning'),(102130020,97,'learning'),(102130020,99,'learning'),(102130020,104,'learning'),(102130020,105,'learning'),(102130021,1,'passed'),(102130021,22,'learning'),(102130021,28,'learning'),(102130021,33,'learning'),(102130021,35,'learning'),(102130021,36,'learning'),(102130021,44,'learning'),(102130021,93,'learning'),(102130021,94,'learning'),(102130021,97,'learning'),(102130021,99,'learning'),(102130021,104,'learning'),(102130021,105,'learning'),(102130022,1,'failed'),(102130022,22,'learning'),(102130022,28,'learning'),(102130022,33,'learning'),(102130022,35,'learning'),(102130022,36,'learning'),(102130022,44,'learning'),(102130022,93,'learning'),(102130022,94,'learning'),(102130022,97,'learning'),(102130022,99,'learning'),(102130022,104,'learning'),(102130022,105,'learning'),(102130030,1,'passed'),(102130030,22,'learning'),(102130030,28,'learning'),(102130030,33,'learning'),(102130030,35,'learning'),(102130030,36,'learning'),(102130030,44,'learning'),(102130030,93,'learning'),(102130030,94,'learning'),(102130030,97,'learning'),(102130030,99,'learning'),(102130030,104,'learning'),(102130030,105,'learning'),(102130031,1,'failed'),(102130031,22,'learning'),(102130031,28,'learning'),(102130031,33,'learning'),(102130031,35,'learning'),(102130031,36,'learning'),(102130031,44,'learning'),(102130031,93,'learning'),(102130031,94,'learning'),(102130031,97,'learning'),(102130031,99,'learning'),(102130031,104,'learning'),(102130031,105,'learning'),(102130032,1,'passed'),(102130032,22,'learning'),(102130032,28,'learning'),(102130032,33,'learning'),(102130032,35,'learning'),(102130032,36,'learning'),(102130032,44,'learning'),(102130032,93,'learning'),(102130032,94,'learning'),(102130032,97,'learning'),(102130032,99,'learning'),(102130032,104,'learning'),(102130032,105,'learning'),(102130034,1,'passed'),(102130034,22,'learning'),(102130034,28,'learning'),(102130034,33,'learning'),(102130034,35,'learning'),(102130034,36,'learning'),(102130034,44,'learning'),(102130034,93,'learning'),(102130034,94,'learning'),(102130034,97,'learning'),(102130034,99,'learning'),(102130034,104,'learning'),(102130034,105,'learning'),(102130039,1,'failed'),(102130039,22,'learning'),(102130039,28,'learning'),(102130039,33,'learning'),(102130039,35,'learning'),(102130039,36,'learning'),(102130039,44,'learning'),(102130039,93,'learning'),(102130039,94,'learning'),(102130039,97,'learning'),(102130039,99,'learning'),(102130039,104,'learning'),(102130039,105,'learning'),(102130040,1,'passed'),(102130040,22,'learning'),(102130040,28,'learning'),(102130040,33,'learning'),(102130040,35,'learning'),(102130040,36,'learning'),(102130040,44,'learning'),(102130040,93,'learning'),(102130040,94,'learning'),(102130040,97,'learning'),(102130040,99,'learning'),(102130040,104,'learning'),(102130040,105,'learning'),(102130049,1,'failed'),(102130049,22,'learning'),(102130049,28,'learning'),(102130049,33,'learning'),(102130049,35,'learning'),(102130049,36,'learning'),(102130049,44,'learning'),(102130049,93,'learning'),(102130049,94,'learning'),(102130049,97,'learning'),(102130049,99,'learning'),(102130049,104,'learning'),(102130049,105,'learning'),(102130051,1,'passed'),(102130051,22,'learning'),(102130051,28,'learning'),(102130051,33,'learning'),(102130051,35,'learning'),(102130051,36,'learning'),(102130051,44,'learning'),(102130051,93,'learning'),(102130051,94,'learning'),(102130051,97,'learning'),(102130051,99,'learning'),(102130051,104,'learning'),(102130051,105,'learning'),(102130052,1,'passed'),(102130052,22,'learning'),(102130052,28,'learning'),(102130052,33,'learning'),(102130052,35,'learning'),(102130052,36,'learning'),(102130052,44,'learning'),(102130052,93,'learning'),(102130052,94,'learning'),(102130052,97,'learning'),(102130052,99,'learning'),(102130052,104,'learning'),(102130052,105,'learning'),(102130053,1,'failed'),(102130053,22,'learning'),(102130053,28,'learning'),(102130053,33,'learning'),(102130053,35,'learning'),(102130053,36,'learning'),(102130053,44,'learning'),(102130053,93,'learning'),(102130053,94,'learning'),(102130053,97,'learning'),(102130053,99,'learning'),(102130053,104,'learning'),(102130053,105,'learning'),(102130059,1,'passed'),(102130059,22,'learning'),(102130059,28,'learning'),(102130059,33,'learning'),(102130059,35,'learning'),(102130059,36,'learning'),(102130059,44,'learning'),(102130059,93,'learning'),(102130059,94,'learning'),(102130059,97,'learning'),(102130059,99,'learning'),(102130059,104,'learning'),(102130059,105,'learning'),(102130063,1,'failed'),(102130063,22,'learning'),(102130063,28,'learning'),(102130063,33,'learning'),(102130063,35,'learning'),(102130063,36,'learning'),(102130063,44,'learning'),(102130063,93,'learning'),(102130063,94,'learning'),(102130063,97,'learning'),(102130063,99,'learning'),(102130063,104,'learning'),(102130063,105,'learning'),(102130064,1,'passed'),(102130064,22,'learning'),(102130064,28,'learning'),(102130064,33,'learning'),(102130064,35,'learning'),(102130064,36,'learning'),(102130064,44,'learning'),(102130064,93,'learning'),(102130064,94,'learning'),(102130064,97,'learning'),(102130064,99,'learning'),(102130064,104,'learning'),(102130064,105,'learning'),(102130067,1,'passed'),(102130067,22,'learning'),(102130067,28,'learning'),(102130067,33,'learning'),(102130067,35,'learning'),(102130067,36,'learning'),(102130067,44,'learning'),(102130067,93,'learning'),(102130067,94,'learning'),(102130067,97,'learning'),(102130067,99,'learning'),(102130067,104,'learning'),(102130067,105,'learning');
/*!40000 ALTER TABLE `learning` ENABLE KEYS */;
UNLOCK TABLES;

--
-- Table structure for table `lesson`
--

DROP TABLE IF EXISTS `lesson`;
/*!40101 SET @saved_cs_client     = @@character_set_client */;
/*!40101 SET character_set_client = utf8 */;
CREATE TABLE `lesson` (
  `id` int(11) NOT NULL AUTO_INCREMENT,
  `courseId` int(11) DEFAULT NULL,
  `roomId` varchar(4) DEFAULT NULL,
  `startTime` datetime DEFAULT NULL,
  `endTime` datetime DEFAULT NULL,
  `dayOfWeek` enum('Mon','Tue','Wed','Thu','Fri','Sat') DEFAULT NULL,
  PRIMARY KEY (`id`),
  KEY `courseId` (`courseId`),
  KEY `roomId` (`roomId`),
  CONSTRAINT `lesson_ibfk_1` FOREIGN KEY (`courseId`) REFERENCES `course` (`id`),
  CONSTRAINT `lesson_ibfk_2` FOREIGN KEY (`roomId`) REFERENCES `room` (`id`)
) ENGINE=InnoDB AUTO_INCREMENT=437 DEFAULT CHARSET=utf8mb4;
/*!40101 SET character_set_client = @saved_cs_client */;

--
-- Dumping data for table `lesson`
--

LOCK TABLES `lesson` WRITE;
/*!40000 ALTER TABLE `lesson` DISABLE KEYS */;
INSERT INTO `lesson` VALUES (0,14,'0101','2017-09-12 07:00:00','2017-09-12 08:50:00','Tue'),(1,1,'0101','2017-07-17 09:00:00','2017-07-17 10:50:00','Mon'),(2,1,'0101','2017-07-19 09:00:00','2017-07-19 10:50:00','Wed'),(3,1,'0101','2017-07-21 09:00:00','2017-07-21 10:50:00','Fri'),(4,1,'0101','2017-07-24 09:00:00','2017-07-24 10:50:00','Mon'),(5,1,'0101','2017-07-26 09:00:00','2017-07-26 10:50:00','Wed'),(6,1,'0101','2017-07-28 09:00:00','2017-07-28 10:50:00','Fri'),(32,14,'0304','2017-09-06 09:00:00','2017-09-06 10:50:00','Wed'),(33,14,'0303','2017-09-08 15:00:00','2017-09-08 16:50:00','Fri'),(34,14,'0304','2017-09-09 15:00:00','2017-09-09 16:50:00','Sat'),(36,14,'0303','2017-09-11 13:00:00','2017-09-11 14:50:00','Mon'),(37,14,'0303','2017-09-16 15:00:00','2017-09-16 16:50:00','Sat'),(38,14,'0101','2017-09-19 07:00:00','2017-09-19 08:50:00','Tue'),(39,14,'0303','2017-09-18 13:00:00','2017-09-18 14:50:00','Mon'),(40,14,'0303','2017-09-23 15:00:00','2017-09-23 16:50:00','Sat'),(41,15,'0204','2017-09-26 07:00:00','2017-09-26 08:50:00','Tue'),(42,15,'0204','2017-09-29 07:00:00','2017-09-29 08:50:00','Fri'),(43,15,'0204','2017-10-04 07:00:00','2017-10-04 08:50:00','Wed'),(44,15,'0204','2017-10-06 07:00:00','2017-10-06 08:50:00','Fri'),(45,15,'0204','2017-10-10 07:00:00','2017-10-10 08:50:00','Tue'),(46,15,'0204','2017-10-13 07:00:00','2017-10-13 08:50:00','Fri'),(47,23,'0203','2017-07-04 13:00:00','2017-07-04 14:50:00','Tue'),(48,23,'0203','2017-07-07 13:00:00','2017-07-07 14:50:00','Fri'),(49,23,'0203','2017-07-11 13:00:00','2017-07-11 14:50:00','Tue'),(50,23,'0203','2017-07-14 13:00:00','2017-07-14 14:50:00','Fri'),(51,23,'0203','2017-07-18 13:00:00','2017-07-18 14:50:00','Tue'),(52,23,'0203','2017-07-20 13:00:00','2017-07-20 14:50:00','Thu'),(61,35,'0101','2017-10-21 09:00:00','2017-10-21 10:50:00','Sat'),(62,35,'0101','2017-10-24 09:00:00','2017-10-24 10:50:00','Tue'),(63,35,'0101','2017-10-26 09:00:00','2017-10-26 10:50:00','Thu'),(64,35,'0101','2017-10-28 09:00:00','2017-10-28 10:50:00','Sat'),(65,36,'0103','2017-07-20 09:00:00','2017-07-20 10:50:00','Thu'),(66,36,'0103','2017-07-21 09:00:00','2017-07-21 10:50:00','Fri'),(67,36,'0103','2017-07-24 09:00:00','2017-07-24 10:50:00','Mon'),(68,36,'0103','2017-07-25 09:00:00','2017-07-25 10:50:00','Tue'),(69,36,'0103','2017-07-26 09:00:00','2017-07-26 10:50:00','Wed'),(70,36,'0103','2017-07-27 09:00:00','2017-07-27 10:50:00','Thu'),(71,36,'0103','2017-07-28 09:00:00','2017-07-28 10:50:00','Fri'),(72,36,'0103','2017-07-31 09:00:00','2017-07-31 10:50:00','Mon'),(73,36,'0103','2017-08-01 09:00:00','2017-08-01 10:50:00','Tue'),(74,36,'0103','2017-08-02 09:00:00','2017-08-02 10:50:00','Wed'),(75,36,'0103','2017-08-03 09:00:00','2017-08-03 10:50:00','Thu'),(76,36,'0103','2017-08-04 09:00:00','2017-08-04 10:50:00','Fri'),(77,36,'0103','2017-08-07 09:00:00','2017-08-07 10:50:00','Mon'),(78,36,'0103','2017-08-08 09:00:00','2017-08-08 10:50:00','Tue'),(79,36,'0103','2017-08-09 09:00:00','2017-08-09 10:50:00','Wed'),(80,36,'0103','2017-08-10 09:00:00','2017-08-10 10:50:00','Thu'),(81,36,'0103','2017-08-11 09:00:00','2017-08-11 10:50:00','Fri'),(82,36,'0103','2017-08-14 09:00:00','2017-08-14 10:50:00','Mon'),(83,36,'0103','2017-08-15 09:00:00','2017-08-15 10:50:00','Tue'),(84,36,'0103','2017-08-16 09:00:00','2017-08-16 10:50:00','Wed'),(85,36,'0103','2017-08-17 09:00:00','2017-08-17 10:50:00','Thu'),(86,37,'0105','2017-07-20 13:00:00','2017-07-20 14:50:00','Thu'),(87,37,'0105','2017-07-21 13:00:00','2017-07-21 14:50:00','Fri'),(88,37,'0105','2017-07-22 13:00:00','2017-07-22 14:50:00','Sat'),(89,37,'0105','2017-07-24 13:00:00','2017-07-24 14:50:00','Mon'),(90,37,'0105','2017-07-25 13:00:00','2017-07-25 14:50:00','Tue'),(91,37,'0105','2017-07-26 13:00:00','2017-07-26 14:50:00','Wed'),(92,37,'0105','2017-07-27 13:00:00','2017-07-27 14:50:00','Thu'),(93,37,'0105','2017-07-28 13:00:00','2017-07-28 14:50:00','Fri'),(94,37,'0105','2017-07-29 13:00:00','2017-07-29 14:50:00','Sat'),(106,42,'0101','2017-07-20 09:00:00','2017-07-20 10:50:00','Thu'),(107,42,'0101','2017-07-22 09:00:00','2017-07-22 10:50:00','Sat'),(108,42,'0101','2017-07-25 09:00:00','2017-07-25 10:50:00','Tue'),(109,42,'0101','2017-07-27 09:00:00','2017-07-27 10:50:00','Thu'),(110,42,'0101','2017-07-29 09:00:00','2017-07-29 10:50:00','Sat'),(111,43,'0101','2017-07-19 07:00:00','2017-07-19 08:50:00','Wed'),(112,44,'0301','2017-07-20 07:00:00','2017-07-20 08:50:00','Thu'),(113,44,'0301','2017-07-24 07:00:00','2017-07-24 08:50:00','Mon'),(114,44,'0301','2017-07-27 07:00:00','2017-07-27 08:50:00','Thu'),(115,45,'0204','2017-07-21 13:00:00','2017-07-21 14:50:00','Fri'),(116,45,'0204','2017-07-25 13:00:00','2017-07-25 14:50:00','Tue'),(117,45,'0204','2017-07-28 13:00:00','2017-07-28 14:50:00','Fri'),(118,47,'0205','2017-07-19 09:00:00','2017-07-19 10:50:00','Wed'),(119,47,'0102','2017-07-21 09:00:00','2017-07-21 10:50:00','Fri'),(120,47,'0102','2017-07-24 09:00:00','2017-07-24 10:50:00','Mon'),(121,47,'0102','2017-07-26 09:00:00','2017-07-26 10:50:00','Wed'),(122,47,'0102','2017-07-28 09:00:00','2017-07-28 10:50:00','Fri'),(123,47,'0102','2017-07-31 09:00:00','2017-07-31 10:50:00','Mon'),(124,47,'0102','2017-08-02 09:00:00','2017-08-02 10:50:00','Wed'),(125,47,'0102','2017-08-04 09:00:00','2017-08-04 10:50:00','Fri'),(126,47,'0102','2017-08-07 09:00:00','2017-08-07 10:50:00','Mon'),(127,47,'0102','2017-08-09 09:00:00','2017-08-09 10:50:00','Wed'),(128,47,'0102','2017-08-11 09:00:00','2017-08-11 10:50:00','Fri'),(129,47,'0102','2017-08-14 09:00:00','2017-08-14 10:50:00','Mon'),(130,47,'0102','2017-08-16 09:00:00','2017-08-16 10:50:00','Wed'),(131,47,'0102','2017-08-18 09:00:00','2017-08-18 10:50:00','Fri'),(143,5,'0105','2017-08-23 13:00:00','2017-08-23 14:50:00','Wed'),(144,5,'0105','2017-08-22 13:00:00','2017-08-22 14:50:00','Tue'),(145,5,'0105','2017-08-24 13:00:00','2017-08-24 14:50:00','Thu'),(146,5,'0105','2017-08-25 13:00:00','2017-08-25 14:50:00','Fri'),(147,5,'0105','2017-08-26 13:00:00','2017-08-26 14:50:00','Sat'),(149,5,'0105','2017-08-30 13:00:00','2017-08-30 14:50:00','Wed'),(150,5,'0105','2017-08-29 13:00:00','2017-08-29 14:50:00','Tue'),(159,22,'0301','2017-09-09 09:00:00','2017-09-09 10:50:00','Sat'),(160,22,'0301','2017-09-11 09:00:00','2017-09-11 10:50:00','Mon'),(161,22,'0301','2017-09-13 09:00:00','2017-09-13 10:50:00','Wed'),(162,22,'0301','2017-09-15 09:00:00','2017-09-15 10:50:00','Fri'),(163,22,'0301','2017-09-19 09:00:00','2017-09-19 10:50:00','Tue'),(164,22,'0301','2017-09-20 13:00:00','2017-09-20 14:50:00','Wed'),(165,22,'0301','2017-09-21 13:00:00','2017-09-21 14:50:00','Thu'),(166,25,'0104','2017-10-09 09:00:00','2017-10-09 10:50:00','Mon'),(167,25,'0104','2017-10-11 09:00:00','2017-10-11 10:50:00','Wed'),(168,25,'0104','2017-10-13 09:00:00','2017-10-13 10:50:00','Fri'),(170,25,'0104','2017-10-19 09:00:00','2017-10-19 10:50:00','Thu'),(171,25,'0104','2017-10-20 13:00:00','2017-10-20 14:50:00','Fri'),(172,25,'0104','2017-10-21 13:00:00','2017-10-21 14:50:00','Sat'),(173,28,'0204','2017-10-26 07:00:00','2017-10-26 08:50:00','Thu'),(175,28,'0204','2017-11-04 07:00:00','2017-11-04 08:50:00','Sat'),(176,28,'0204','2017-11-06 07:00:00','2017-11-06 08:50:00','Mon'),(177,28,'0204','2017-11-10 07:00:00','2017-11-10 08:50:00','Fri'),(178,28,'0204','2017-11-13 07:00:00','2017-11-13 08:50:00','Mon'),(179,33,'0205','2017-11-17 07:00:00','2017-11-17 08:50:00','Fri'),(180,33,'0205','2017-11-21 09:00:00','2017-11-21 10:50:00','Tue'),(181,33,'0205','2017-11-25 09:00:00','2017-11-25 10:50:00','Sat'),(182,33,'0205','2017-11-27 09:00:00','2017-11-27 10:50:00','Mon'),(183,33,'0205','2017-12-02 09:00:00','2017-12-02 10:50:00','Sat'),(184,33,'0205','2017-12-04 09:00:00','2017-12-04 10:50:00','Mon'),(185,34,'0202','2017-12-14 13:00:00','2017-12-14 14:50:00','Thu'),(187,34,'0202','2017-12-19 13:00:00','2017-12-19 14:50:00','Tue'),(188,34,'0202','2017-12-22 13:00:00','2017-12-22 14:50:00','Fri'),(190,34,'0202','2017-12-25 13:00:00','2017-12-25 14:50:00','Mon'),(238,82,'0101','2017-08-01 13:00:00','2017-08-01 14:50:00','Tue'),(250,46,'0301','2017-12-14 07:00:00','2017-12-14 08:50:00','Thu'),(252,46,'0301','2017-12-19 07:00:00','2017-12-19 08:50:00','Tue'),(253,46,'0301','2017-12-22 07:00:00','2017-12-22 08:50:00','Fri'),(255,46,'0301','2017-12-25 07:00:00','2017-12-25 08:50:00','Mon'),(273,90,'0101','2017-07-21 07:00:00','2017-07-21 08:50:00','Fri'),(274,90,'0101','2017-07-28 07:00:00','2017-07-28 08:50:00','Fri'),(275,91,'0101','2017-07-22 07:00:00','2017-07-22 08:50:00','Sat'),(276,91,'0101','2017-07-29 07:00:00','2017-07-29 08:50:00','Sat'),(277,1,'0101','2017-07-26 07:00:00','2017-07-26 08:50:00','Wed'),(278,1,'0101','2017-07-17 07:00:00','2017-07-17 08:50:00','Mon'),(279,1,'0101','2017-07-19 07:00:00','2017-07-19 08:50:00','Wed'),(280,1,'0101','2017-07-21 07:00:00','2017-07-21 08:50:00','Fri'),(281,1,'0101','2017-07-24 07:00:00','2017-07-24 08:50:00','Mon'),(283,1,'0101','2017-07-28 07:00:00','2017-07-28 08:50:00','Fri'),(299,92,'0101','2017-11-29 09:00:00','2017-11-29 10:50:00','Wed'),(300,15,'0204','2017-09-29 13:00:00','2017-09-29 14:50:00','Fri'),(301,15,'0204','2017-10-04 13:00:00','2017-10-04 14:50:00','Wed'),(302,15,'0204','2017-10-06 13:00:00','2017-10-06 14:50:00','Fri'),(303,15,'0204','2017-10-10 13:00:00','2017-10-10 14:50:00','Tue'),(304,15,'0204','2017-10-13 13:00:00','2017-10-13 14:50:00','Fri'),(313,28,'0204','2017-10-26 09:00:00','2017-10-26 10:50:00','Thu'),(314,28,'0204','2017-11-04 09:00:00','2017-11-04 10:50:00','Sat'),(315,47,'0102','2017-07-21 15:00:00','2017-07-21 16:50:00','Fri'),(316,47,'0102','2017-07-31 15:00:00','2017-07-31 16:50:00','Mon'),(317,47,'0102','2017-08-09 15:00:00','2017-08-09 16:50:00','Wed'),(318,47,'0102','2017-08-11 15:00:00','2017-08-11 16:50:00','Fri'),(319,90,'0101','2017-07-21 13:00:00','2017-07-21 14:50:00','Fri'),(320,91,'0101','2017-07-29 15:00:00','2017-07-29 16:50:00','Sat'),(321,93,'0301','2017-08-01 07:00:00','2017-08-01 08:50:00','Tue'),(322,93,'0301','2017-08-03 07:00:00','2017-08-03 08:50:00','Thu'),(323,93,'0301','2017-08-08 07:00:00','2017-08-08 08:50:00','Tue'),(324,93,'0301','2017-08-10 07:00:00','2017-08-10 08:50:00','Thu'),(325,93,'0301','2017-08-15 07:00:00','2017-08-15 08:50:00','Tue'),(326,93,'0301','2017-08-17 07:00:00','2017-08-17 08:50:00','Thu'),(327,93,'0301','2017-08-22 07:00:00','2017-08-22 08:50:00','Tue'),(328,93,'0301','2017-08-24 07:00:00','2017-08-24 08:50:00','Thu'),(329,94,'0302','2017-08-01 07:00:00','2017-08-01 08:50:00','Tue'),(330,94,'0302','2017-08-03 07:00:00','2017-08-03 08:50:00','Thu'),(331,94,'0302','2017-08-08 07:00:00','2017-08-08 08:50:00','Tue'),(332,94,'0302','2017-08-10 07:00:00','2017-08-10 08:50:00','Thu'),(333,94,'0302','2017-08-15 07:00:00','2017-08-15 08:50:00','Tue'),(334,94,'0302','2017-08-17 07:00:00','2017-08-17 08:50:00','Thu'),(335,94,'0302','2017-08-22 07:00:00','2017-08-22 08:50:00','Tue'),(336,94,'0302','2017-08-24 07:00:00','2017-08-24 08:50:00','Thu'),(337,95,'0102','2017-09-21 13:00:00','2017-09-21 14:50:00','Thu'),(338,95,'0102','2017-09-25 13:00:00','2017-09-25 14:50:00','Mon'),(339,95,'0102','2017-09-28 13:00:00','2017-09-28 14:50:00','Thu'),(340,95,'0102','2017-10-02 13:00:00','2017-10-02 14:50:00','Mon'),(341,95,'0102','2017-10-05 13:00:00','2017-10-05 14:50:00','Thu'),(342,95,'0102','2017-10-09 13:00:00','2017-10-09 14:50:00','Mon'),(343,95,'0102','2017-10-12 13:00:00','2017-10-12 14:50:00','Thu'),(344,95,'0102','2017-10-16 13:00:00','2017-10-16 14:50:00','Mon'),(345,95,'0102','2017-10-19 13:00:00','2017-10-19 14:50:00','Thu'),(346,95,'0102','2017-10-23 13:00:00','2017-10-23 14:50:00','Mon'),(347,96,'0102','2017-10-23 15:00:00','2017-10-23 16:50:00','Mon'),(348,96,'0102','2017-10-24 15:00:00','2017-10-24 16:50:00','Tue'),(349,96,'0102','2017-10-27 15:00:00','2017-10-27 16:50:00','Fri'),(350,96,'0102','2017-10-30 15:00:00','2017-10-30 16:50:00','Mon'),(351,96,'0102','2017-10-31 15:00:00','2017-10-31 16:50:00','Tue'),(352,96,'0102','2017-11-03 15:00:00','2017-11-03 16:50:00','Fri'),(353,96,'0102','2017-11-06 15:00:00','2017-11-06 16:50:00','Mon'),(354,96,'0102','2017-11-07 15:00:00','2017-11-07 16:50:00','Tue'),(355,96,'0102','2017-11-10 15:00:00','2017-11-10 16:50:00','Fri'),(356,96,'0102','2017-11-13 15:00:00','2017-11-13 16:50:00','Mon'),(357,96,'0102','2017-11-14 15:00:00','2017-11-14 16:50:00','Tue'),(358,96,'0102','2017-11-17 15:00:00','2017-11-17 16:50:00','Fri'),(359,96,'0102','2017-11-20 15:00:00','2017-11-20 16:50:00','Mon'),(360,96,'0102','2017-11-21 15:00:00','2017-11-21 16:50:00','Tue'),(361,96,'0102','2017-11-24 15:00:00','2017-11-24 16:50:00','Fri'),(362,96,'0102','2017-11-27 15:00:00','2017-11-27 16:50:00','Mon'),(363,96,'0102','2017-11-28 15:00:00','2017-11-28 16:50:00','Tue'),(364,97,'0202','2017-08-01 15:00:00','2017-08-01 16:50:00','Tue'),(365,97,'0202','2017-08-01 07:00:00','2017-08-01 08:50:00','Tue'),(366,97,'0202','2017-08-03 07:00:00','2017-08-03 08:50:00','Thu'),(367,97,'0202','2017-08-08 15:00:00','2017-08-08 16:50:00','Tue'),(368,97,'0202','2017-08-08 07:00:00','2017-08-08 08:50:00','Tue'),(369,97,'0202','2017-08-10 07:00:00','2017-08-10 08:50:00','Thu'),(370,97,'0202','2017-08-15 15:00:00','2017-08-15 16:50:00','Tue'),(371,97,'0202','2017-08-15 07:00:00','2017-08-15 08:50:00','Tue'),(372,97,'0202','2017-08-17 07:00:00','2017-08-17 08:50:00','Thu'),(373,97,'0202','2017-08-22 15:00:00','2017-08-22 16:50:00','Tue'),(374,97,'0202','2017-08-22 07:00:00','2017-08-22 08:50:00','Tue'),(375,97,'0202','2017-08-24 07:00:00','2017-08-24 08:50:00','Thu'),(376,97,'0202','2017-08-29 15:00:00','2017-08-29 16:50:00','Tue'),(377,98,'0103','2017-12-04 15:00:00','2017-12-04 16:50:00','Mon'),(378,98,'0103','2017-12-05 15:00:00','2017-12-05 16:50:00','Tue'),(379,98,'0103','2017-12-06 15:00:00','2017-12-06 16:50:00','Wed'),(380,98,'0103','2017-12-07 15:00:00','2017-12-07 16:50:00','Thu'),(381,98,'0103','2017-12-08 15:00:00','2017-12-08 16:50:00','Fri'),(382,98,'0103','2017-12-11 15:00:00','2017-12-11 16:50:00','Mon'),(383,98,'0103','2017-12-12 15:00:00','2017-12-12 16:50:00','Tue'),(384,98,'0103','2017-12-13 15:00:00','2017-12-13 16:50:00','Wed'),(385,98,'0103','2017-12-14 15:00:00','2017-12-14 16:50:00','Thu'),(386,98,'0103','2017-12-15 15:00:00','2017-12-15 16:50:00','Fri'),(387,99,'0102','2017-10-03 07:00:00','2017-10-03 08:50:00','Tue'),(388,99,'0102','2017-10-04 07:00:00','2017-10-04 08:50:00','Wed'),(389,99,'0102','2017-10-05 07:00:00','2017-10-05 08:50:00','Thu'),(390,99,'0102','2017-10-10 07:00:00','2017-10-10 08:50:00','Tue'),(391,100,'0102','2017-12-04 07:00:00','2017-12-04 08:50:00','Mon'),(392,100,'0102','2017-12-05 07:00:00','2017-12-05 08:50:00','Tue'),(393,100,'0102','2017-12-06 07:00:00','2017-12-06 08:50:00','Wed'),(394,100,'0102','2017-12-11 07:00:00','2017-12-11 08:50:00','Mon'),(395,100,'0102','2017-12-12 07:00:00','2017-12-12 08:50:00','Tue'),(396,100,'0102','2017-12-13 07:00:00','2017-12-13 08:50:00','Wed'),(397,101,'0201','2017-08-14 13:00:00','2017-08-14 14:50:00','Mon'),(398,101,'0201','2017-08-18 13:00:00','2017-08-18 14:50:00','Fri'),(399,101,'0201','2017-08-21 13:00:00','2017-08-21 14:50:00','Mon'),(400,101,'0201','2017-08-25 13:00:00','2017-08-25 14:50:00','Fri'),(401,101,'0201','2017-08-28 13:00:00','2017-08-28 14:50:00','Mon'),(402,102,'0101','2017-07-31 07:00:00','2017-07-31 08:50:00','Mon'),(403,104,'0302','2017-08-03 09:00:00','2017-08-03 10:50:00','Thu'),(404,104,'0302','2017-08-05 09:00:00','2017-08-05 10:50:00','Sat'),(405,104,'0302','2017-08-08 09:00:00','2017-08-08 10:50:00','Tue'),(406,104,'0302','2017-08-10 09:00:00','2017-08-10 10:50:00','Thu'),(407,104,'0302','2017-08-12 09:00:00','2017-08-12 10:50:00','Sat'),(408,104,'0302','2017-08-15 09:00:00','2017-08-15 10:50:00','Tue'),(409,104,'0302','2017-08-17 09:00:00','2017-08-17 10:50:00','Thu'),(410,104,'0302','2017-08-19 09:00:00','2017-08-19 10:50:00','Sat'),(411,104,'0302','2017-08-22 09:00:00','2017-08-22 10:50:00','Tue'),(412,104,'0302','2017-08-24 09:00:00','2017-08-24 10:50:00','Thu'),(413,104,'0302','2017-08-26 09:00:00','2017-08-26 10:50:00','Sat'),(414,104,'0302','2017-08-29 09:00:00','2017-08-29 10:50:00','Tue'),(415,104,'0302','2017-08-31 09:00:00','2017-08-31 10:50:00','Thu'),(416,105,'0105','2017-08-02 07:00:00','2017-08-02 08:50:00','Wed'),(417,105,'0105','2017-08-05 07:00:00','2017-08-05 08:50:00','Sat'),(418,105,'0105','2017-08-07 07:00:00','2017-08-07 08:50:00','Mon'),(419,105,'0105','2017-08-09 07:00:00','2017-08-09 08:50:00','Wed'),(420,105,'0105','2017-08-12 07:00:00','2017-08-12 08:50:00','Sat'),(421,105,'0105','2017-08-14 07:00:00','2017-08-14 08:50:00','Mon'),(422,105,'0105','2017-08-16 07:00:00','2017-08-16 08:50:00','Wed'),(423,105,'0105','2017-08-19 07:00:00','2017-08-19 08:50:00','Sat'),(424,105,'0105','2017-08-21 07:00:00','2017-08-21 08:50:00','Mon'),(425,105,'0105','2017-08-23 07:00:00','2017-08-23 08:50:00','Wed'),(426,105,'0105','2017-08-26 07:00:00','2017-08-26 08:50:00','Sat'),(427,105,'0105','2017-08-28 07:00:00','2017-08-28 08:50:00','Mon'),(428,105,'0105','2017-08-30 07:00:00','2017-08-30 08:50:00','Wed'),(429,106,'0101','2017-08-08 07:00:00','2017-08-08 08:50:00','Tue'),(430,106,'0101','2017-08-15 07:00:00','2017-08-15 08:50:00','Tue'),(431,106,'0101','2017-08-22 07:00:00','2017-08-22 08:50:00','Tue'),(432,106,'0101','2017-08-29 07:00:00','2017-08-29 08:50:00','Tue'),(433,107,'0102','2017-08-08 07:00:00','2017-08-08 08:50:00','Tue'),(434,107,'0102','2017-08-15 07:00:00','2017-08-15 08:50:00','Tue'),(435,107,'0102','2017-08-22 07:00:00','2017-08-22 08:50:00','Tue'),(436,107,'0102','2017-08-29 07:00:00','2017-08-29 08:50:00','Tue');
/*!40000 ALTER TABLE `lesson` ENABLE KEYS */;
UNLOCK TABLES;

--
-- Table structure for table `major`
--

DROP TABLE IF EXISTS `major`;
/*!40101 SET @saved_cs_client     = @@character_set_client */;
/*!40101 SET character_set_client = utf8 */;
CREATE TABLE `major` (
  `id` int(11) NOT NULL AUTO_INCREMENT,
  `name` varchar(32) NOT NULL,
  `description` varchar(1024) DEFAULT NULL,
  `image` varchar(1024) DEFAULT NULL,
  PRIMARY KEY (`id`)
) ENGINE=InnoDB AUTO_INCREMENT=21 DEFAULT CHARSET=latin1;
/*!40101 SET character_set_client = @saved_cs_client */;

--
-- Dumping data for table `major`
--

LOCK TABLES `major` WRITE;
/*!40000 ALTER TABLE `major` DISABLE KEYS */;
INSERT INTO `major` VALUES (1,'English','Training English','english.jpg'),(2,'Soft skill','Training presentation skill, communication skill','softskill.jpg'),(3,'Java','Training Java technical','java.jpg'),(4,'PHP','Training PHP technical','php.jpg'),(5,'IOS','Training IOS development','ios.jpg'),(7,'.Net','Training .Net development','asp.net.jpg'),(10,'Android','Training Android development','android.jpg'),(13,'C#','Training C# development','c#.jpg'),(19,'Communication','Communication skills, how to speak in English, learn about presentation','communication.jpg'),(20,'Attitude','Attitude',NULL);
/*!40000 ALTER TABLE `major` ENABLE KEYS */;
UNLOCK TABLES;

--
-- Table structure for table `new_notification`
--

DROP TABLE IF EXISTS `new_notification`;
/*!40101 SET @saved_cs_client     = @@character_set_client */;
/*!40101 SET character_set_client = utf8 */;
CREATE TABLE `new_notification` (
  `id` int(11) NOT NULL AUTO_INCREMENT,
  `sender` int(11) DEFAULT NULL,
  `receiver` int(11) DEFAULT NULL,
  `type` enum('requested schedule','requested course','opened course','modified schedule','denied course','approved course','reopened course','requested major','approved major','denied major','changed trainer','denied schedule','approved schedule','updated course') DEFAULT NULL,
  `content` varchar(1024) DEFAULT NULL,
  `createAt` datetime DEFAULT NULL,
  PRIMARY KEY (`id`),
  KEY `sender` (`sender`),
  KEY `receiver` (`receiver`),
  CONSTRAINT `new_notification_ibfk_1` FOREIGN KEY (`sender`) REFERENCES `account` (`id`),
  CONSTRAINT `new_notification_ibfk_2` FOREIGN KEY (`receiver`) REFERENCES `account` (`id`)
) ENGINE=InnoDB AUTO_INCREMENT=1749 DEFAULT CHARSET=latin1;
/*!40101 SET character_set_client = @saved_cs_client */;

--
-- Dumping data for table `new_notification`
--

LOCK TABLES `new_notification` WRITE;
/*!40000 ALTER TABLE `new_notification` DISABLE KEYS */;
INSERT INTO `new_notification` VALUES (278,NULL,102130018,'reopened course','67;English;Le Hai Nghi;R001','2017-07-13 15:19:48'),(282,NULL,102130018,'opened course','57;English;Le Hai Nghi;R001','2017-07-13 15:22:41'),(286,NULL,102130018,'opened course','58;English;Le Hai Nghi;R001','2017-07-13 15:32:26'),(287,NULL,102130036,'opened course','52;English;Phan Thi Minh;R003','2017-07-13 15:35:38'),(290,NULL,102130018,'opened course','52;English;Phan Thi Minh;R003','2017-07-13 15:35:38'),(296,NULL,102130018,'reopened course','68;English;Le Hai Nghi;R001','2017-07-13 15:51:30'),(325,NULL,102130018,'reopened course','76;English;Le Hai Nghi;R001','2017-07-14 10:54:08'),(330,NULL,102130008,'opened course','37;Java;Nguyen Huu Hung;R001','2017-07-14 15:06:54'),(335,NULL,102130015,'opened course','37;Java;Nguyen Huu Hung;R001','2017-07-14 15:06:54'),(336,NULL,102130016,'opened course','37;Java;Nguyen Huu Hung;R001','2017-07-14 15:06:54'),(337,NULL,102130017,'opened course','37;Java;Nguyen Huu Hung;R001','2017-07-14 15:06:54'),(338,NULL,102130018,'opened course','37;Java;Nguyen Huu Hung;R001','2017-07-14 15:06:54'),(339,NULL,102130019,'opened course','37;Java;Nguyen Huu Hung;R001','2017-07-14 15:06:54'),(340,NULL,102130020,'opened course','37;Java;Nguyen Huu Hung;R001','2017-07-14 15:06:54'),(341,NULL,102130034,'opened course','37;Java;Nguyen Huu Hung;R001','2017-07-14 15:06:54'),(342,NULL,102130049,'opened course','37;Java;Nguyen Huu Hung;R001','2017-07-14 15:06:54'),(343,NULL,102130051,'opened course','37;Java;Nguyen Huu Hung;R001','2017-07-14 15:06:54'),(349,NULL,102130015,'opened course','14;English;Le Hai Nghi;R005','2017-07-14 15:08:22'),(350,NULL,102130016,'opened course','14;English;Le Hai Nghi;R005','2017-07-14 15:08:22'),(351,NULL,102130017,'opened course','14;English;Le Hai Nghi;R005','2017-07-14 15:08:22'),(352,NULL,102130018,'opened course','14;English;Le Hai Nghi;R005','2017-07-14 15:08:22'),(353,NULL,102130019,'opened course','14;English;Le Hai Nghi;R005','2017-07-14 15:08:22'),(354,NULL,102130020,'opened course','14;English;Le Hai Nghi;R005','2017-07-14 15:08:22'),(355,NULL,102130034,'opened course','14;English;Le Hai Nghi;R005','2017-07-14 15:08:22'),(356,NULL,102130049,'opened course','14;English;Le Hai Nghi;R005','2017-07-14 15:08:22'),(357,NULL,102130051,'opened course','14;English;Le Hai Nghi;R005','2017-07-14 15:08:22'),(363,NULL,102130015,'opened course','83;English;Le Hai Nghi;R003','2017-07-14 15:11:11'),(364,NULL,102130016,'opened course','83;English;Le Hai Nghi;R003','2017-07-14 15:11:11'),(365,NULL,102130017,'opened course','83;English;Le Hai Nghi;R003','2017-07-14 15:11:11'),(366,NULL,102130018,'opened course','83;English;Le Hai Nghi;R003','2017-07-14 15:11:11'),(367,NULL,102130019,'opened course','83;English;Le Hai Nghi;R003','2017-07-14 15:11:11'),(368,NULL,102130020,'opened course','83;English;Le Hai Nghi;R003','2017-07-14 15:11:11'),(369,NULL,102130034,'opened course','83;English;Le Hai Nghi;R003','2017-07-14 15:11:11'),(370,NULL,102130049,'opened course','83;English;Le Hai Nghi;R003','2017-07-14 15:11:11'),(371,NULL,102130051,'opened course','83;English;Le Hai Nghi;R003','2017-07-14 15:11:11'),(372,NULL,102130042,'opened course','82;English;Nguyen Van Binh;R002','2017-07-14 15:11:41'),(377,NULL,102130015,'opened course','82;English;Nguyen Van Binh;R002','2017-07-14 15:11:42'),(378,NULL,102130016,'opened course','82;English;Nguyen Van Binh;R002','2017-07-14 15:11:42'),(379,NULL,102130017,'opened course','82;English;Nguyen Van Binh;R002','2017-07-14 15:11:42'),(380,NULL,102130018,'opened course','82;English;Nguyen Van Binh;R002','2017-07-14 15:11:42'),(381,NULL,102130019,'opened course','82;English;Nguyen Van Binh;R002','2017-07-14 15:11:42'),(382,NULL,102130020,'opened course','82;English;Nguyen Van Binh;R002','2017-07-14 15:11:42'),(383,NULL,102130034,'opened course','82;English;Nguyen Van Binh;R002','2017-07-14 15:11:42'),(384,NULL,102130049,'opened course','82;English;Nguyen Van Binh;R002','2017-07-14 15:11:42'),(385,NULL,102130051,'opened course','82;English;Nguyen Van Binh;R002','2017-07-14 15:11:42'),(386,NULL,102130036,'opened course','81;English;Phan Thi Minh;R004','2017-07-14 15:12:35'),(391,NULL,102130015,'opened course','81;English;Phan Thi Minh;R004','2017-07-14 15:12:35'),(392,NULL,102130016,'opened course','81;English;Phan Thi Minh;R004','2017-07-14 15:12:35'),(393,NULL,102130017,'opened course','81;English;Phan Thi Minh;R004','2017-07-14 15:12:35'),(394,NULL,102130018,'opened course','81;English;Phan Thi Minh;R004','2017-07-14 15:12:35'),(395,NULL,102130019,'opened course','81;English;Phan Thi Minh;R004','2017-07-14 15:12:35'),(396,NULL,102130020,'opened course','81;English;Phan Thi Minh;R004','2017-07-14 15:12:35'),(397,NULL,102130034,'opened course','81;English;Phan Thi Minh;R004','2017-07-14 15:12:35'),(398,NULL,102130049,'opened course','81;English;Phan Thi Minh;R004','2017-07-14 15:12:35'),(399,NULL,102130051,'opened course','81;English;Phan Thi Minh;R004','2017-07-14 15:12:35'),(400,NULL,102130060,'opened course','80;English;Ha Van Loi;R004','2017-07-14 15:14:42'),(405,NULL,102130015,'opened course','80;English;Ha Van Loi;R004','2017-07-14 15:14:42'),(406,NULL,102130016,'opened course','80;English;Ha Van Loi;R004','2017-07-14 15:14:42'),(407,NULL,102130017,'opened course','80;English;Ha Van Loi;R004','2017-07-14 15:14:42'),(408,NULL,102130018,'opened course','80;English;Ha Van Loi;R004','2017-07-14 15:14:42'),(409,NULL,102130019,'opened course','80;English;Ha Van Loi;R004','2017-07-14 15:14:43'),(410,NULL,102130020,'opened course','80;English;Ha Van Loi;R004','2017-07-14 15:14:43'),(411,NULL,102130034,'opened course','80;English;Ha Van Loi;R004','2017-07-14 15:14:43'),(412,NULL,102130049,'opened course','80;English;Ha Van Loi;R004','2017-07-14 15:14:43'),(413,NULL,102130051,'opened course','80;English;Ha Van Loi;R004','2017-07-14 15:14:43'),(414,NULL,102130036,'opened course','79;English;Phan Thi Minh;R001','2017-07-14 15:16:22'),(419,NULL,102130015,'opened course','79;English;Phan Thi Minh;R001','2017-07-14 15:16:22'),(420,NULL,102130016,'opened course','79;English;Phan Thi Minh;R001','2017-07-14 15:16:22'),(421,NULL,102130017,'opened course','79;English;Phan Thi Minh;R001','2017-07-14 15:16:22'),(422,NULL,102130018,'opened course','79;English;Phan Thi Minh;R001','2017-07-14 15:16:22'),(423,NULL,102130019,'opened course','79;English;Phan Thi Minh;R001','2017-07-14 15:16:22'),(424,NULL,102130020,'opened course','79;English;Phan Thi Minh;R001','2017-07-14 15:16:22'),(425,NULL,102130034,'opened course','79;English;Phan Thi Minh;R001','2017-07-14 15:16:22'),(426,NULL,102130049,'opened course','79;English;Phan Thi Minh;R001','2017-07-14 15:16:22'),(427,NULL,102130051,'opened course','79;English;Phan Thi Minh;R001','2017-07-14 15:16:22'),(428,NULL,102130061,'opened course','78;English;Vo Thi Lam;R007','2017-07-14 15:18:09'),(433,NULL,102130015,'opened course','78;English;Vo Thi Lam;R007','2017-07-14 15:18:09'),(434,NULL,102130016,'opened course','78;English;Vo Thi Lam;R007','2017-07-14 15:18:09'),(435,NULL,102130017,'opened course','78;English;Vo Thi Lam;R007','2017-07-14 15:18:09'),(436,NULL,102130018,'opened course','78;English;Vo Thi Lam;R007','2017-07-14 15:18:09'),(437,NULL,102130019,'opened course','78;English;Vo Thi Lam;R007','2017-07-14 15:18:09'),(438,NULL,102130020,'opened course','78;English;Vo Thi Lam;R007','2017-07-14 15:18:09'),(439,NULL,102130034,'opened course','78;English;Vo Thi Lam;R007','2017-07-14 15:18:09'),(440,NULL,102130049,'opened course','78;English;Vo Thi Lam;R007','2017-07-14 15:18:09'),(441,NULL,102130051,'opened course','78;English;Vo Thi Lam;R007','2017-07-14 15:18:09'),(442,NULL,102130045,'opened course','75;PHP;Tran Hung;R009','2017-07-14 15:18:55'),(447,NULL,102130015,'opened course','75;PHP;Tran Hung;R009','2017-07-14 15:18:55'),(448,NULL,102130016,'opened course','75;PHP;Tran Hung;R009','2017-07-14 15:18:55'),(449,NULL,102130017,'opened course','75;PHP;Tran Hung;R009','2017-07-14 15:18:55'),(450,NULL,102130018,'opened course','75;PHP;Tran Hung;R009','2017-07-14 15:18:55'),(451,NULL,102130019,'opened course','75;PHP;Tran Hung;R009','2017-07-14 15:18:55'),(452,NULL,102130020,'opened course','75;PHP;Tran Hung;R009','2017-07-14 15:18:55'),(453,NULL,102130034,'opened course','75;PHP;Tran Hung;R009','2017-07-14 15:18:55'),(454,NULL,102130049,'opened course','75;PHP;Tran Hung;R009','2017-07-14 15:18:55'),(455,NULL,102130051,'opened course','75;PHP;Tran Hung;R009','2017-07-14 15:18:55'),(456,NULL,102130042,'opened course','77;English;Nguyen Van Binh;R030','2017-07-14 15:18:56'),(461,NULL,102130015,'opened course','77;English;Nguyen Van Binh;R030','2017-07-14 15:18:56'),(462,NULL,102130016,'opened course','77;English;Nguyen Van Binh;R030','2017-07-14 15:18:56'),(463,NULL,102130017,'opened course','77;English;Nguyen Van Binh;R030','2017-07-14 15:18:56'),(464,NULL,102130018,'opened course','77;English;Nguyen Van Binh;R030','2017-07-14 15:18:56'),(465,NULL,102130019,'opened course','77;English;Nguyen Van Binh;R030','2017-07-14 15:18:56'),(466,NULL,102130020,'opened course','77;English;Nguyen Van Binh;R030','2017-07-14 15:18:56'),(467,NULL,102130034,'opened course','77;English;Nguyen Van Binh;R030','2017-07-14 15:18:56'),(468,NULL,102130049,'opened course','77;English;Nguyen Van Binh;R030','2017-07-14 15:18:56'),(469,NULL,102130051,'opened course','77;English;Nguyen Van Binh;R030','2017-07-14 15:18:56'),(474,NULL,102130029,'opened course','73;Java;Duong Tuong;R002','2017-07-14 17:03:08'),(479,NULL,102130015,'opened course','73;Java;Duong Tuong;R002','2017-07-14 17:03:09'),(480,NULL,102130016,'opened course','73;Java;Duong Tuong;R002','2017-07-14 17:03:09'),(481,NULL,102130017,'opened course','73;Java;Duong Tuong;R002','2017-07-14 17:03:09'),(482,NULL,102130018,'opened course','73;Java;Duong Tuong;R002','2017-07-14 17:03:09'),(483,NULL,102130019,'opened course','73;Java;Duong Tuong;R002','2017-07-14 17:03:09'),(484,NULL,102130020,'opened course','73;Java;Duong Tuong;R002','2017-07-14 17:03:09'),(485,NULL,102130034,'opened course','73;Java;Duong Tuong;R002','2017-07-14 17:03:09'),(486,NULL,102130049,'opened course','73;Java;Duong Tuong;R002','2017-07-14 17:03:09'),(487,NULL,102130051,'opened course','73;Java;Duong Tuong;R002','2017-07-14 17:03:09'),(488,NULL,102130042,'opened course','85;English;Nguyen Van Binh;R030','2017-07-14 17:03:09'),(493,NULL,102130015,'opened course','85;English;Nguyen Van Binh;R030','2017-07-14 17:03:09'),(494,NULL,102130016,'opened course','85;English;Nguyen Van Binh;R030','2017-07-14 17:03:09'),(495,NULL,102130017,'opened course','85;English;Nguyen Van Binh;R030','2017-07-14 17:03:09'),(496,NULL,102130018,'opened course','85;English;Nguyen Van Binh;R030','2017-07-14 17:03:09'),(497,NULL,102130019,'opened course','85;English;Nguyen Van Binh;R030','2017-07-14 17:03:09'),(498,NULL,102130020,'opened course','85;English;Nguyen Van Binh;R030','2017-07-14 17:03:09'),(499,NULL,102130034,'opened course','85;English;Nguyen Van Binh;R030','2017-07-14 17:03:09'),(500,NULL,102130049,'opened course','85;English;Nguyen Van Binh;R030','2017-07-14 17:03:09'),(501,NULL,102130051,'opened course','85;English;Nguyen Van Binh;R030','2017-07-14 17:03:09'),(533,NULL,102130066,'opened course','89;IOS;Tran Van Hoi;R005','2017-07-17 10:18:39'),(538,NULL,102130015,'opened course','89;IOS;Tran Van Hoi;R005','2017-07-17 10:18:40'),(539,NULL,102130016,'opened course','89;IOS;Tran Van Hoi;R005','2017-07-17 10:18:40'),(540,NULL,102130017,'opened course','89;IOS;Tran Van Hoi;R005','2017-07-17 10:18:40'),(541,NULL,102130018,'opened course','89;IOS;Tran Van Hoi;R005','2017-07-17 10:18:40'),(542,NULL,102130019,'opened course','89;IOS;Tran Van Hoi;R005','2017-07-17 10:18:40'),(543,NULL,102130020,'opened course','89;IOS;Tran Van Hoi;R005','2017-07-17 10:18:40'),(544,NULL,102130034,'opened course','89;IOS;Tran Van Hoi;R005','2017-07-17 10:18:40'),(545,NULL,102130049,'opened course','89;IOS;Tran Van Hoi;R005','2017-07-17 10:18:40'),(546,NULL,102130051,'opened course','89;IOS;Tran Van Hoi;R005','2017-07-17 10:18:40'),(551,NULL,102130012,'opened course','96;English;Vo Hoan;R003','2017-07-17 14:50:28'),(556,NULL,102130015,'opened course','96;English;Vo Hoan;R003','2017-07-17 14:50:28'),(557,NULL,102130016,'opened course','96;English;Vo Hoan;R003','2017-07-17 14:50:28'),(558,NULL,102130017,'opened course','96;English;Vo Hoan;R003','2017-07-17 14:50:28'),(559,NULL,102130018,'opened course','96;English;Vo Hoan;R003','2017-07-17 14:50:29'),(560,NULL,102130019,'opened course','96;English;Vo Hoan;R003','2017-07-17 14:50:29'),(561,NULL,102130020,'opened course','96;English;Vo Hoan;R003','2017-07-17 14:50:29'),(562,NULL,102130034,'opened course','96;English;Vo Hoan;R003','2017-07-17 14:50:29'),(563,NULL,102130049,'opened course','96;English;Vo Hoan;R003','2017-07-17 14:50:29'),(564,NULL,102130051,'opened course','96;English;Vo Hoan;R003','2017-07-17 14:50:29'),(622,NULL,102130015,'opened course','47;English;Le Hai Nghi;0101','2017-07-19 13:27:44'),(623,NULL,102130016,'opened course','47;English;Le Hai Nghi;0101','2017-07-19 13:27:44'),(624,NULL,102130017,'opened course','47;English;Le Hai Nghi;0101','2017-07-19 13:27:44'),(625,NULL,102130018,'opened course','47;English;Le Hai Nghi;0101','2017-07-19 13:27:44'),(626,NULL,102130019,'opened course','47;English;Le Hai Nghi;0101','2017-07-19 13:27:44'),(627,NULL,102130020,'opened course','47;English;Le Hai Nghi;0101','2017-07-19 13:27:44'),(628,NULL,102130034,'opened course','47;English;Le Hai Nghi;0101','2017-07-19 13:27:44'),(629,NULL,102130049,'opened course','47;English;Le Hai Nghi;0101','2017-07-19 13:27:44'),(630,NULL,102130051,'opened course','47;English;Le Hai Nghi;0101','2017-07-19 13:27:44'),(667,NULL,102130060,'reopened course','73;English;Ha Van Loi;0101','2017-07-19 15:24:43'),(669,NULL,102130015,'reopened course','73;English;Ha Van Loi;0101','2017-07-19 15:24:43'),(670,NULL,102130018,'reopened course','73;English;Ha Van Loi;0101','2017-07-19 15:24:43'),(671,NULL,102130042,'reopened course','74;English;Nguyen Van Binh;0101','2017-07-19 15:25:54'),(673,NULL,102130015,'reopened course','74;English;Nguyen Van Binh;0101','2017-07-19 15:25:54'),(674,NULL,102130018,'reopened course','74;English;Nguyen Van Binh;0101','2017-07-19 15:25:54'),(677,NULL,102130015,'reopened course','75;English;Le Hai Nghi;0101','2017-07-19 15:29:35'),(678,NULL,102130018,'reopened course','75;English;Le Hai Nghi;0101','2017-07-19 15:29:35'),(682,NULL,102130015,'reopened course','77;English;Le Hai Nghi;0101','2017-07-19 15:32:40'),(683,NULL,102130018,'reopened course','77;English;Le Hai Nghi;0101','2017-07-19 15:32:40'),(686,NULL,102130015,'reopened course','78;English;Le Hai Nghi;0102','2017-07-19 15:34:55'),(687,NULL,102130018,'reopened course','78;English;Le Hai Nghi;0102','2017-07-19 15:34:55'),(690,NULL,102130015,'reopened course','79;English;Le Hai Nghi;0103','2017-07-19 15:37:31'),(691,NULL,102130018,'reopened course','79;English;Le Hai Nghi;0103','2017-07-19 15:37:31'),(692,NULL,102130012,'reopened course','80;English;Vo Hoan;0101','2017-07-19 15:38:35'),(694,NULL,102130015,'reopened course','80;English;Vo Hoan;0101','2017-07-19 15:38:35'),(695,NULL,102130018,'reopened course','80;English;Vo Hoan;0101','2017-07-19 15:38:35'),(702,NULL,102130015,'reopened course','82;English;Le Hai Nghi','2017-07-19 16:24:34'),(703,NULL,102130018,'reopened course','82;English;Le Hai Nghi','2017-07-19 16:24:34'),(705,NULL,102130008,'opened course','15;Java;Nguyen Huu Hung','2017-07-20 09:24:07'),(708,NULL,102130006,'reopened course','85;English;Le Hai Nghi','2017-07-20 09:33:29'),(709,NULL,102130015,'reopened course','85;English;Le Hai Nghi','2017-07-20 09:33:29'),(710,NULL,102130018,'reopened course','85;English;Le Hai Nghi','2017-07-20 09:33:29'),(748,NULL,102130006,'reopened course','90;English;Le Hai Nghi','2017-07-20 20:11:45'),(749,NULL,102130015,'reopened course','90;English;Le Hai Nghi','2017-07-20 20:11:45'),(750,NULL,102130018,'reopened course','90;English;Le Hai Nghi','2017-07-20 20:11:45'),(752,NULL,102130006,'reopened course','91;English;Le Hai Nghi','2017-07-20 20:17:51'),(753,NULL,102130015,'reopened course','91;English;Le Hai Nghi','2017-07-20 20:17:51'),(754,NULL,102130018,'reopened course','91;English;Le Hai Nghi','2017-07-20 20:17:51'),(757,NULL,102130045,'changed trainer','7;PHP;102130045;Tran Hung;102130005;Vo Van Chien','2017-07-24 09:53:19'),(758,NULL,102130045,'changed trainer','7;PHP;102130005;Vo Van Chien;102130045;Tran Hung','2017-07-24 09:53:30'),(762,NULL,102130045,'changed trainer','7;PHP;102130045;Tran Hung;102130005;Vo Van Chien','2017-07-24 10:05:33'),(763,NULL,102130012,'changed trainer','14;English;102130002;Le Hai Nghi;102130012;Vo Hoan','2017-07-24 10:22:03'),(765,NULL,102130003,'changed trainer','14;English;102130002;Le Hai Nghi;102130012;Vo Hoan','2017-07-24 10:22:03'),(766,NULL,102130006,'changed trainer','14;English;102130002;Le Hai Nghi;102130012;Vo Hoan','2017-07-24 10:22:03'),(767,NULL,102130009,'changed trainer','14;English;102130002;Le Hai Nghi;102130012;Vo Hoan','2017-07-24 10:22:03'),(768,NULL,102130015,'changed trainer','14;English;102130002;Le Hai Nghi;102130012;Vo Hoan','2017-07-24 10:22:03'),(769,NULL,102130016,'changed trainer','14;English;102130002;Le Hai Nghi;102130012;Vo Hoan','2017-07-24 10:22:03'),(770,NULL,102130017,'changed trainer','14;English;102130002;Le Hai Nghi;102130012;Vo Hoan','2017-07-24 10:22:03'),(771,NULL,102130018,'changed trainer','14;English;102130002;Le Hai Nghi;102130012;Vo Hoan','2017-07-24 10:22:03'),(772,NULL,102130019,'changed trainer','14;English;102130002;Le Hai Nghi;102130012;Vo Hoan','2017-07-24 10:22:03'),(773,NULL,102130020,'changed trainer','14;English;102130002;Le Hai Nghi;102130012;Vo Hoan','2017-07-24 10:22:04'),(774,NULL,102130034,'changed trainer','14;English;102130002;Le Hai Nghi;102130012;Vo Hoan','2017-07-24 10:22:04'),(775,NULL,102130049,'changed trainer','14;English;102130002;Le Hai Nghi;102130012;Vo Hoan','2017-07-24 10:22:04'),(776,NULL,102130051,'changed trainer','14;English;102130002;Le Hai Nghi;102130012;Vo Hoan','2017-07-24 10:22:04'),(787,NULL,102130006,'reopened course','92;English;Le Hai Nghi','2017-07-25 14:02:25'),(788,NULL,102130015,'reopened course','92;English;Le Hai Nghi','2017-07-25 14:02:25'),(789,NULL,102130018,'reopened course','92;English;Le Hai Nghi','2017-07-25 14:02:25'),(793,NULL,102130035,'opened course','42;Java;Le Thi Tham','2017-07-25 15:31:46'),(795,NULL,102130003,'opened course','42;Java;Le Thi Tham','2017-07-25 15:31:46'),(796,NULL,102130006,'opened course','42;Java;Le Thi Tham','2017-07-25 15:31:46'),(797,NULL,102130009,'opened course','42;Java;Le Thi Tham','2017-07-25 15:31:46'),(798,NULL,102130015,'opened course','42;Java;Le Thi Tham','2017-07-25 15:31:46'),(799,NULL,102130016,'opened course','42;Java;Le Thi Tham','2017-07-25 15:31:46'),(800,NULL,102130017,'opened course','42;Java;Le Thi Tham','2017-07-25 15:31:46'),(801,NULL,102130018,'opened course','42;Java;Le Thi Tham','2017-07-25 15:31:46'),(802,NULL,102130019,'opened course','42;Java;Le Thi Tham','2017-07-25 15:31:46'),(803,NULL,102130020,'opened course','42;Java;Le Thi Tham','2017-07-25 15:31:46'),(804,NULL,102130034,'opened course','42;Java;Le Thi Tham','2017-07-25 15:31:46'),(805,NULL,102130049,'opened course','42;Java;Le Thi Tham','2017-07-25 15:31:46'),(806,NULL,102130051,'opened course','42;Java;Le Thi Tham','2017-07-25 15:31:46'),(825,NULL,102130003,'updated course','14;English;Le Hai Nghi','2017-07-28 08:27:57'),(826,NULL,102130006,'updated course','14;English;Le Hai Nghi','2017-07-28 08:27:57'),(827,NULL,102130009,'updated course','14;English;Le Hai Nghi','2017-07-28 08:27:57'),(828,NULL,102130015,'updated course','14;English;Le Hai Nghi','2017-07-28 08:27:57'),(829,NULL,102130016,'updated course','14;English;Le Hai Nghi','2017-07-28 08:27:57'),(830,NULL,102130017,'updated course','14;English;Le Hai Nghi','2017-07-28 08:27:57'),(831,NULL,102130018,'updated course','14;English;Le Hai Nghi','2017-07-28 08:27:57'),(832,NULL,102130019,'updated course','14;English;Le Hai Nghi','2017-07-28 08:27:57'),(833,NULL,102130020,'updated course','14;English;Le Hai Nghi','2017-07-28 08:27:57'),(834,NULL,102130034,'updated course','14;English;Le Hai Nghi','2017-07-28 08:27:57'),(835,NULL,102130049,'updated course','14;English;Le Hai Nghi','2017-07-28 08:27:57'),(836,NULL,102130051,'updated course','14;English;Le Hai Nghi','2017-07-28 08:27:57'),(843,NULL,102130045,'reopened course','95;PHP;Tran Hung','2017-07-28 10:21:50'),(844,NULL,102130006,'reopened course','95;PHP;Tran Hung','2017-07-28 10:21:50'),(845,NULL,102130015,'reopened course','95;PHP;Tran Hung','2017-07-28 10:21:50'),(846,NULL,102130016,'reopened course','95;PHP;Tran Hung','2017-07-28 10:21:50'),(848,NULL,102130006,'reopened course','96;PHP;Vo Van Chien','2017-07-28 10:23:02'),(849,NULL,102130015,'reopened course','96;PHP;Vo Van Chien','2017-07-28 10:23:02'),(850,NULL,102130016,'reopened course','96;PHP;Vo Van Chien','2017-07-28 10:23:02'),(851,NULL,102130029,'opened course','22;Java;Duong Tuong','2017-07-28 10:24:31'),(853,NULL,102130003,'opened course','22;Java;Duong Tuong','2017-07-28 10:24:31'),(854,NULL,102130006,'opened course','22;Java;Duong Tuong','2017-07-28 10:24:31'),(855,NULL,102130009,'opened course','22;Java;Duong Tuong','2017-07-28 10:24:31'),(856,NULL,102130015,'opened course','22;Java;Duong Tuong','2017-07-28 10:24:31'),(857,NULL,102130016,'opened course','22;Java;Duong Tuong','2017-07-28 10:24:31'),(858,NULL,102130017,'opened course','22;Java;Duong Tuong','2017-07-28 10:24:31'),(859,NULL,102130018,'opened course','22;Java;Duong Tuong','2017-07-28 10:24:31'),(860,NULL,102130019,'opened course','22;Java;Duong Tuong','2017-07-28 10:24:31'),(861,NULL,102130020,'opened course','22;Java;Duong Tuong','2017-07-28 10:24:31'),(862,NULL,102130034,'opened course','22;Java;Duong Tuong','2017-07-28 10:24:31'),(863,NULL,102130049,'opened course','22;Java;Duong Tuong','2017-07-28 10:24:31'),(864,NULL,102130051,'opened course','22;Java;Duong Tuong','2017-07-28 10:24:31'),(867,NULL,102130003,'opened course','33;English;Le Hai Nghi','2017-07-28 10:24:31'),(868,NULL,102130006,'opened course','33;English;Le Hai Nghi','2017-07-28 10:24:31'),(869,NULL,102130009,'opened course','33;English;Le Hai Nghi','2017-07-28 10:24:31'),(870,NULL,102130015,'opened course','33;English;Le Hai Nghi','2017-07-28 10:24:31'),(871,NULL,102130016,'opened course','33;English;Le Hai Nghi','2017-07-28 10:24:31'),(872,NULL,102130017,'opened course','33;English;Le Hai Nghi','2017-07-28 10:24:31'),(873,NULL,102130018,'opened course','33;English;Le Hai Nghi','2017-07-28 10:24:31'),(874,NULL,102130019,'opened course','33;English;Le Hai Nghi','2017-07-28 10:24:32'),(875,NULL,102130020,'opened course','33;English;Le Hai Nghi','2017-07-28 10:24:32'),(876,NULL,102130034,'opened course','33;English;Le Hai Nghi','2017-07-28 10:24:32'),(877,NULL,102130049,'opened course','33;English;Le Hai Nghi','2017-07-28 10:24:32'),(878,NULL,102130051,'opened course','33;English;Le Hai Nghi','2017-07-28 10:24:32'),(881,NULL,102130003,'opened course','43;English;Le Hai Nghi','2017-07-28 10:24:32'),(882,NULL,102130006,'opened course','43;English;Le Hai Nghi','2017-07-28 10:24:32'),(883,NULL,102130009,'opened course','43;English;Le Hai Nghi','2017-07-28 10:24:32'),(884,NULL,102130015,'opened course','43;English;Le Hai Nghi','2017-07-28 10:24:32'),(885,NULL,102130016,'opened course','43;English;Le Hai Nghi','2017-07-28 10:24:32'),(886,NULL,102130017,'opened course','43;English;Le Hai Nghi','2017-07-28 10:24:32'),(887,NULL,102130018,'opened course','43;English;Le Hai Nghi','2017-07-28 10:24:32'),(888,NULL,102130019,'opened course','43;English;Le Hai Nghi','2017-07-28 10:24:32'),(889,NULL,102130020,'opened course','43;English;Le Hai Nghi','2017-07-28 10:24:32'),(890,NULL,102130034,'opened course','43;English;Le Hai Nghi','2017-07-28 10:24:32'),(891,NULL,102130049,'opened course','43;English;Le Hai Nghi','2017-07-28 10:24:32'),(892,NULL,102130051,'opened course','43;English;Le Hai Nghi','2017-07-28 10:24:32'),(893,NULL,102130047,'opened course','93;Java;Nguyen Manh Hung','2017-07-28 10:24:32'),(895,NULL,102130003,'opened course','93;Java;Nguyen Manh Hung','2017-07-28 10:24:32'),(896,NULL,102130006,'opened course','93;Java;Nguyen Manh Hung','2017-07-28 10:24:32'),(897,NULL,102130009,'opened course','93;Java;Nguyen Manh Hung','2017-07-28 10:24:32'),(898,NULL,102130015,'opened course','93;Java;Nguyen Manh Hung','2017-07-28 10:24:32'),(899,NULL,102130016,'opened course','93;Java;Nguyen Manh Hung','2017-07-28 10:24:32'),(900,NULL,102130017,'opened course','93;Java;Nguyen Manh Hung','2017-07-28 10:24:32'),(901,NULL,102130018,'opened course','93;Java;Nguyen Manh Hung','2017-07-28 10:24:32'),(902,NULL,102130019,'opened course','93;Java;Nguyen Manh Hung','2017-07-28 10:24:32'),(903,NULL,102130020,'opened course','93;Java;Nguyen Manh Hung','2017-07-28 10:24:32'),(904,NULL,102130034,'opened course','93;Java;Nguyen Manh Hung','2017-07-28 10:24:32'),(905,NULL,102130049,'opened course','93;Java;Nguyen Manh Hung','2017-07-28 10:24:32'),(906,NULL,102130051,'opened course','93;Java;Nguyen Manh Hung','2017-07-28 10:24:32'),(926,NULL,102130006,'reopened course','98;PHP;Vo Van Chien','2017-07-28 16:09:26'),(927,NULL,102130015,'reopened course','98;PHP;Vo Van Chien','2017-07-28 16:09:26'),(928,NULL,102130016,'reopened course','98;PHP;Vo Van Chien','2017-07-28 16:09:26'),(931,NULL,102130003,'opened course','35;PHP;Vo Van Chien','2017-07-28 16:20:07'),(932,NULL,102130006,'opened course','35;PHP;Vo Van Chien','2017-07-28 16:20:07'),(933,NULL,102130009,'opened course','35;PHP;Vo Van Chien','2017-07-28 16:20:07'),(934,NULL,102130015,'opened course','35;PHP;Vo Van Chien','2017-07-28 16:20:07'),(935,NULL,102130016,'opened course','35;PHP;Vo Van Chien','2017-07-28 16:20:07'),(936,NULL,102130017,'opened course','35;PHP;Vo Van Chien','2017-07-28 16:20:07'),(937,NULL,102130018,'opened course','35;PHP;Vo Van Chien','2017-07-28 16:20:07'),(938,NULL,102130019,'opened course','35;PHP;Vo Van Chien','2017-07-28 16:20:07'),(939,NULL,102130020,'opened course','35;PHP;Vo Van Chien','2017-07-28 16:20:07'),(940,NULL,102130034,'opened course','35;PHP;Vo Van Chien','2017-07-28 16:20:07'),(941,NULL,102130049,'opened course','35;PHP;Vo Van Chien','2017-07-28 16:20:07'),(942,NULL,102130051,'opened course','35;PHP;Vo Van Chien','2017-07-28 16:20:07'),(943,NULL,102130033,'opened course','36;PHP;Tran Van Tai','2017-07-28 16:20:07'),(945,NULL,102130003,'opened course','36;PHP;Tran Van Tai','2017-07-28 16:20:07'),(946,NULL,102130006,'opened course','36;PHP;Tran Van Tai','2017-07-28 16:20:07'),(947,NULL,102130009,'opened course','36;PHP;Tran Van Tai','2017-07-28 16:20:07'),(948,NULL,102130015,'opened course','36;PHP;Tran Van Tai','2017-07-28 16:20:07'),(949,NULL,102130016,'opened course','36;PHP;Tran Van Tai','2017-07-28 16:20:07'),(950,NULL,102130017,'opened course','36;PHP;Tran Van Tai','2017-07-28 16:20:07'),(951,NULL,102130018,'opened course','36;PHP;Tran Van Tai','2017-07-28 16:20:07'),(952,NULL,102130019,'opened course','36;PHP;Tran Van Tai','2017-07-28 16:20:07'),(953,NULL,102130020,'opened course','36;PHP;Tran Van Tai','2017-07-28 16:20:07'),(954,NULL,102130034,'opened course','36;PHP;Tran Van Tai','2017-07-28 16:20:07'),(955,NULL,102130049,'opened course','36;PHP;Tran Van Tai','2017-07-28 16:20:07'),(956,NULL,102130051,'opened course','36;PHP;Tran Van Tai','2017-07-28 16:20:07'),(957,NULL,102130045,'opened course','44;PHP;Tran Hung','2017-07-28 16:20:43'),(959,NULL,102130003,'opened course','44;PHP;Tran Hung','2017-07-28 16:20:43'),(960,NULL,102130006,'opened course','44;PHP;Tran Hung','2017-07-28 16:20:43'),(961,NULL,102130009,'opened course','44;PHP;Tran Hung','2017-07-28 16:20:43'),(962,NULL,102130015,'opened course','44;PHP;Tran Hung','2017-07-28 16:20:43'),(963,NULL,102130016,'opened course','44;PHP;Tran Hung','2017-07-28 16:20:43'),(964,NULL,102130017,'opened course','44;PHP;Tran Hung','2017-07-28 16:20:43'),(965,NULL,102130018,'opened course','44;PHP;Tran Hung','2017-07-28 16:20:44'),(966,NULL,102130019,'opened course','44;PHP;Tran Hung','2017-07-28 16:20:44'),(967,NULL,102130020,'opened course','44;PHP;Tran Hung','2017-07-28 16:20:44'),(968,NULL,102130034,'opened course','44;PHP;Tran Hung','2017-07-28 16:20:44'),(969,NULL,102130049,'opened course','44;PHP;Tran Hung','2017-07-28 16:20:44'),(970,NULL,102130051,'opened course','44;PHP;Tran Hung','2017-07-28 16:20:44'),(971,NULL,102130048,'opened course','99;Soft skill;Le Tham Duong','2017-07-28 16:22:26'),(973,NULL,102130003,'opened course','99;Soft skill;Le Tham Duong','2017-07-28 16:22:26'),(974,NULL,102130006,'opened course','99;Soft skill;Le Tham Duong','2017-07-28 16:22:26'),(975,NULL,102130009,'opened course','99;Soft skill;Le Tham Duong','2017-07-28 16:22:26'),(976,NULL,102130015,'opened course','99;Soft skill;Le Tham Duong','2017-07-28 16:22:26'),(977,NULL,102130016,'opened course','99;Soft skill;Le Tham Duong','2017-07-28 16:22:26'),(978,NULL,102130017,'opened course','99;Soft skill;Le Tham Duong','2017-07-28 16:22:26'),(979,NULL,102130018,'opened course','99;Soft skill;Le Tham Duong','2017-07-28 16:22:26'),(980,NULL,102130019,'opened course','99;Soft skill;Le Tham Duong','2017-07-28 16:22:26'),(981,NULL,102130020,'opened course','99;Soft skill;Le Tham Duong','2017-07-28 16:22:26'),(982,NULL,102130034,'opened course','99;Soft skill;Le Tham Duong','2017-07-28 16:22:26'),(983,NULL,102130049,'opened course','99;Soft skill;Le Tham Duong','2017-07-28 16:22:26'),(984,NULL,102130051,'opened course','99;Soft skill;Le Tham Duong','2017-07-28 16:22:26'),(985,NULL,102130048,'updated course','97;Soft skill;Le Tham Duong','2017-07-28 16:28:30'),(987,NULL,102130038,'changed trainer','97;Soft skill;102130048;Le Tham Duong;102130038;Nguyen Thanh Trung','2017-07-28 16:28:44'),(988,NULL,102130048,'changed trainer','97;Soft skill;102130048;Le Tham Duong;102130038;Nguyen Thanh Trung','2017-07-28 16:28:44'),(989,NULL,102130038,'opened course','97;Soft skill;Nguyen Thanh Trung','2017-07-28 16:31:10'),(991,NULL,102130003,'opened course','97;Soft skill;Nguyen Thanh Trung','2017-07-28 16:31:10'),(992,NULL,102130006,'opened course','97;Soft skill;Nguyen Thanh Trung','2017-07-28 16:31:10'),(993,NULL,102130009,'opened course','97;Soft skill;Nguyen Thanh Trung','2017-07-28 16:31:10'),(994,NULL,102130015,'opened course','97;Soft skill;Nguyen Thanh Trung','2017-07-28 16:31:10'),(995,NULL,102130016,'opened course','97;Soft skill;Nguyen Thanh Trung','2017-07-28 16:31:10'),(996,NULL,102130017,'opened course','97;Soft skill;Nguyen Thanh Trung','2017-07-28 16:31:10'),(997,NULL,102130018,'opened course','97;Soft skill;Nguyen Thanh Trung','2017-07-28 16:31:10'),(998,NULL,102130019,'opened course','97;Soft skill;Nguyen Thanh Trung','2017-07-28 16:31:10'),(999,NULL,102130020,'opened course','97;Soft skill;Nguyen Thanh Trung','2017-07-28 16:31:10'),(1000,NULL,102130034,'opened course','97;Soft skill;Nguyen Thanh Trung','2017-07-28 16:31:10'),(1001,NULL,102130049,'opened course','97;Soft skill;Nguyen Thanh Trung','2017-07-28 16:31:10'),(1002,NULL,102130051,'opened course','97;Soft skill;Nguyen Thanh Trung','2017-07-28 16:31:10'),(1003,NULL,102130008,'opened course','94;Java;Nguyen Huu Hung','2017-07-28 16:32:02'),(1005,NULL,102130003,'opened course','94;Java;Nguyen Huu Hung','2017-07-28 16:32:02'),(1006,NULL,102130006,'opened course','94;Java;Nguyen Huu Hung','2017-07-28 16:32:02'),(1007,NULL,102130009,'opened course','94;Java;Nguyen Huu Hung','2017-07-28 16:32:02'),(1008,NULL,102130015,'opened course','94;Java;Nguyen Huu Hung','2017-07-28 16:32:02'),(1009,NULL,102130016,'opened course','94;Java;Nguyen Huu Hung','2017-07-28 16:32:02'),(1010,NULL,102130017,'opened course','94;Java;Nguyen Huu Hung','2017-07-28 16:32:02'),(1011,NULL,102130018,'opened course','94;Java;Nguyen Huu Hung','2017-07-28 16:32:02'),(1012,NULL,102130019,'opened course','94;Java;Nguyen Huu Hung','2017-07-28 16:32:02'),(1013,NULL,102130020,'opened course','94;Java;Nguyen Huu Hung','2017-07-28 16:32:02'),(1014,NULL,102130034,'opened course','94;Java;Nguyen Huu Hung','2017-07-28 16:32:02'),(1015,NULL,102130049,'opened course','94;Java;Nguyen Huu Hung','2017-07-28 16:32:02'),(1016,NULL,102130051,'opened course','94;Java;Nguyen Huu Hung','2017-07-28 16:32:02'),(1017,NULL,102130047,'opened course','93;Java;Nguyen Manh Hung','2017-07-28 16:32:33'),(1019,NULL,102130003,'opened course','93;Java;Nguyen Manh Hung','2017-07-28 16:32:33'),(1020,NULL,102130006,'opened course','93;Java;Nguyen Manh Hung','2017-07-28 16:32:33'),(1021,NULL,102130009,'opened course','93;Java;Nguyen Manh Hung','2017-07-28 16:32:33'),(1022,NULL,102130015,'opened course','93;Java;Nguyen Manh Hung','2017-07-28 16:32:33'),(1023,NULL,102130016,'opened course','93;Java;Nguyen Manh Hung','2017-07-28 16:32:33'),(1024,NULL,102130017,'opened course','93;Java;Nguyen Manh Hung','2017-07-28 16:32:33'),(1025,NULL,102130018,'opened course','93;Java;Nguyen Manh Hung','2017-07-28 16:32:33'),(1026,NULL,102130019,'opened course','93;Java;Nguyen Manh Hung','2017-07-28 16:32:33'),(1027,NULL,102130020,'opened course','93;Java;Nguyen Manh Hung','2017-07-28 16:32:33'),(1028,NULL,102130034,'opened course','93;Java;Nguyen Manh Hung','2017-07-28 16:32:33'),(1029,NULL,102130049,'opened course','93;Java;Nguyen Manh Hung','2017-07-28 16:32:33'),(1030,NULL,102130051,'opened course','93;Java;Nguyen Manh Hung','2017-07-28 16:32:33'),(1033,NULL,102130003,'opened course','47;English;Le Hai Nghi','2017-07-28 16:33:06'),(1034,NULL,102130006,'opened course','47;English;Le Hai Nghi','2017-07-28 16:33:06'),(1035,NULL,102130009,'opened course','47;English;Le Hai Nghi','2017-07-28 16:33:06'),(1036,NULL,102130015,'opened course','47;English;Le Hai Nghi','2017-07-28 16:33:06'),(1037,NULL,102130016,'opened course','47;English;Le Hai Nghi','2017-07-28 16:33:06'),(1038,NULL,102130017,'opened course','47;English;Le Hai Nghi','2017-07-28 16:33:06'),(1039,NULL,102130018,'opened course','47;English;Le Hai Nghi','2017-07-28 16:33:06'),(1040,NULL,102130019,'opened course','47;English;Le Hai Nghi','2017-07-28 16:33:06'),(1041,NULL,102130020,'opened course','47;English;Le Hai Nghi','2017-07-28 16:33:06'),(1042,NULL,102130034,'opened course','47;English;Le Hai Nghi','2017-07-28 16:33:06'),(1043,NULL,102130049,'opened course','47;English;Le Hai Nghi','2017-07-28 16:33:06'),(1044,NULL,102130051,'opened course','47;English;Le Hai Nghi','2017-07-28 16:33:06'),(1047,NULL,102130003,'opened course','1;English;Le Hai Nghi','2017-07-28 16:40:50'),(1048,NULL,102130006,'opened course','1;English;Le Hai Nghi','2017-07-28 16:40:50'),(1049,NULL,102130009,'opened course','1;English;Le Hai Nghi','2017-07-28 16:40:51'),(1050,NULL,102130015,'opened course','1;English;Le Hai Nghi','2017-07-28 16:40:51'),(1051,NULL,102130016,'opened course','1;English;Le Hai Nghi','2017-07-28 16:40:51'),(1052,NULL,102130017,'opened course','1;English;Le Hai Nghi','2017-07-28 16:40:51'),(1053,NULL,102130018,'opened course','1;English;Le Hai Nghi','2017-07-28 16:40:51'),(1054,NULL,102130019,'opened course','1;English;Le Hai Nghi','2017-07-28 16:40:51'),(1055,NULL,102130020,'opened course','1;English;Le Hai Nghi','2017-07-28 16:40:51'),(1056,NULL,102130034,'opened course','1;English;Le Hai Nghi','2017-07-28 16:40:51'),(1057,NULL,102130049,'opened course','1;English;Le Hai Nghi','2017-07-28 16:40:51'),(1058,NULL,102130051,'opened course','1;English;Le Hai Nghi','2017-07-28 16:40:51'),(1066,NULL,102130003,'opened course','25;English;Le Hai Nghi','2017-07-28 16:55:52'),(1067,NULL,102130006,'opened course','25;English;Le Hai Nghi','2017-07-28 16:55:52'),(1068,NULL,102130009,'opened course','25;English;Le Hai Nghi','2017-07-28 16:55:52'),(1069,NULL,102130048,'opened course','100;Soft skill;Le Tham Duong','2017-07-31 09:22:17'),(1071,NULL,102130003,'opened course','100;Soft skill;Le Tham Duong','2017-07-31 09:22:17'),(1072,NULL,102130006,'opened course','100;Soft skill;Le Tham Duong','2017-07-31 09:22:17'),(1073,NULL,102130009,'opened course','100;Soft skill;Le Tham Duong','2017-07-31 09:22:17'),(1074,NULL,102130015,'opened course','100;Soft skill;Le Tham Duong','2017-07-31 09:22:17'),(1075,NULL,102130016,'opened course','100;Soft skill;Le Tham Duong','2017-07-31 09:22:17'),(1076,NULL,102130017,'opened course','100;Soft skill;Le Tham Duong','2017-07-31 09:22:17'),(1077,NULL,102130018,'opened course','100;Soft skill;Le Tham Duong','2017-07-31 09:22:17'),(1078,NULL,102130019,'opened course','100;Soft skill;Le Tham Duong','2017-07-31 09:22:17'),(1079,NULL,102130020,'opened course','100;Soft skill;Le Tham Duong','2017-07-31 09:22:17'),(1080,NULL,102130034,'opened course','100;Soft skill;Le Tham Duong','2017-07-31 09:22:17'),(1081,NULL,102130049,'opened course','100;Soft skill;Le Tham Duong','2017-07-31 09:22:17'),(1082,NULL,102130051,'opened course','100;Soft skill;Le Tham Duong','2017-07-31 09:22:17'),(1083,NULL,102130029,'opened course','22;Java;Duong Tuong','2017-07-31 09:23:21'),(1085,NULL,102130003,'opened course','22;Java;Duong Tuong','2017-07-31 09:23:21'),(1086,NULL,102130006,'opened course','22;Java;Duong Tuong','2017-07-31 09:23:21'),(1087,NULL,102130009,'opened course','22;Java;Duong Tuong','2017-07-31 09:23:21'),(1088,NULL,102130015,'opened course','22;Java;Duong Tuong','2017-07-31 09:23:21'),(1089,NULL,102130016,'opened course','22;Java;Duong Tuong','2017-07-31 09:23:21'),(1090,NULL,102130017,'opened course','22;Java;Duong Tuong','2017-07-31 09:23:21'),(1091,NULL,102130018,'opened course','22;Java;Duong Tuong','2017-07-31 09:23:21'),(1092,NULL,102130019,'opened course','22;Java;Duong Tuong','2017-07-31 09:23:21'),(1093,NULL,102130020,'opened course','22;Java;Duong Tuong','2017-07-31 09:23:21'),(1094,NULL,102130034,'opened course','22;Java;Duong Tuong','2017-07-31 09:23:21'),(1095,NULL,102130049,'opened course','22;Java;Duong Tuong','2017-07-31 09:23:21'),(1096,NULL,102130051,'opened course','22;Java;Duong Tuong','2017-07-31 09:23:21'),(1097,NULL,102130012,'opened course','45;English;Vo Hoan','2017-07-31 09:23:49'),(1099,NULL,102130003,'opened course','45;English;Vo Hoan','2017-07-31 09:23:49'),(1100,NULL,102130006,'opened course','45;English;Vo Hoan','2017-07-31 09:23:49'),(1101,NULL,102130009,'opened course','45;English;Vo Hoan','2017-07-31 09:23:49'),(1102,NULL,102130015,'opened course','45;English;Vo Hoan','2017-07-31 09:23:49'),(1103,NULL,102130016,'opened course','45;English;Vo Hoan','2017-07-31 09:23:49'),(1104,NULL,102130017,'opened course','45;English;Vo Hoan','2017-07-31 09:23:49'),(1105,NULL,102130018,'opened course','45;English;Vo Hoan','2017-07-31 09:23:49'),(1106,NULL,102130019,'opened course','45;English;Vo Hoan','2017-07-31 09:23:49'),(1107,NULL,102130020,'opened course','45;English;Vo Hoan','2017-07-31 09:23:50'),(1108,NULL,102130034,'opened course','45;English;Vo Hoan','2017-07-31 09:23:50'),(1109,NULL,102130049,'opened course','45;English;Vo Hoan','2017-07-31 09:23:50'),(1110,NULL,102130051,'opened course','45;English;Vo Hoan','2017-07-31 09:23:50'),(1111,NULL,102130035,'opened course','42;Java;Le Thi Tham','2017-07-31 09:32:09'),(1113,NULL,102130003,'opened course','42;Java;Le Thi Tham','2017-07-31 09:32:09'),(1114,NULL,102130006,'opened course','42;Java;Le Thi Tham','2017-07-31 09:32:09'),(1115,NULL,102130009,'opened course','42;Java;Le Thi Tham','2017-07-31 09:32:09'),(1116,NULL,102130015,'opened course','42;Java;Le Thi Tham','2017-07-31 09:32:09'),(1117,NULL,102130016,'opened course','42;Java;Le Thi Tham','2017-07-31 09:32:09'),(1118,NULL,102130017,'opened course','42;Java;Le Thi Tham','2017-07-31 09:32:09'),(1119,NULL,102130018,'opened course','42;Java;Le Thi Tham','2017-07-31 09:32:09'),(1120,NULL,102130019,'opened course','42;Java;Le Thi Tham','2017-07-31 09:32:09'),(1121,NULL,102130020,'opened course','42;Java;Le Thi Tham','2017-07-31 09:32:10'),(1122,NULL,102130034,'opened course','42;Java;Le Thi Tham','2017-07-31 09:32:10'),(1123,NULL,102130049,'opened course','42;Java;Le Thi Tham','2017-07-31 09:32:10'),(1124,NULL,102130051,'opened course','42;Java;Le Thi Tham','2017-07-31 09:32:10'),(1125,NULL,102130033,'opened course','37;PHP;Tran Van Tai','2017-07-31 09:32:10'),(1127,NULL,102130003,'opened course','37;PHP;Tran Van Tai','2017-07-31 09:32:10'),(1128,NULL,102130006,'opened course','37;PHP;Tran Van Tai','2017-07-31 09:32:10'),(1129,NULL,102130009,'opened course','37;PHP;Tran Van Tai','2017-07-31 09:32:10'),(1130,NULL,102130015,'opened course','37;PHP;Tran Van Tai','2017-07-31 09:32:10'),(1131,NULL,102130016,'opened course','37;PHP;Tran Van Tai','2017-07-31 09:32:10'),(1132,NULL,102130017,'opened course','37;PHP;Tran Van Tai','2017-07-31 09:32:10'),(1133,NULL,102130018,'opened course','37;PHP;Tran Van Tai','2017-07-31 09:32:10'),(1134,NULL,102130019,'opened course','37;PHP;Tran Van Tai','2017-07-31 09:32:10'),(1135,NULL,102130020,'opened course','37;PHP;Tran Van Tai','2017-07-31 09:32:10'),(1136,NULL,102130034,'opened course','37;PHP;Tran Van Tai','2017-07-31 09:32:10'),(1137,NULL,102130049,'opened course','37;PHP;Tran Van Tai','2017-07-31 09:32:10'),(1138,NULL,102130051,'opened course','37;PHP;Tran Van Tai','2017-07-31 09:32:10'),(1139,NULL,102130033,'opened course','36;PHP;Tran Van Tai','2017-07-31 09:33:11'),(1141,NULL,102130003,'opened course','36;PHP;Tran Van Tai','2017-07-31 09:33:11'),(1142,NULL,102130006,'opened course','36;PHP;Tran Van Tai','2017-07-31 09:33:11'),(1143,NULL,102130009,'opened course','36;PHP;Tran Van Tai','2017-07-31 09:33:11'),(1144,NULL,102130015,'opened course','36;PHP;Tran Van Tai','2017-07-31 09:33:11'),(1145,NULL,102130016,'opened course','36;PHP;Tran Van Tai','2017-07-31 09:33:11'),(1146,NULL,102130017,'opened course','36;PHP;Tran Van Tai','2017-07-31 09:33:11'),(1147,NULL,102130018,'opened course','36;PHP;Tran Van Tai','2017-07-31 09:33:11'),(1148,NULL,102130019,'opened course','36;PHP;Tran Van Tai','2017-07-31 09:33:11'),(1149,NULL,102130020,'opened course','36;PHP;Tran Van Tai','2017-07-31 09:33:11'),(1150,NULL,102130034,'opened course','36;PHP;Tran Van Tai','2017-07-31 09:33:12'),(1151,NULL,102130049,'opened course','36;PHP;Tran Van Tai','2017-07-31 09:33:12'),(1152,NULL,102130051,'opened course','36;PHP;Tran Van Tai','2017-07-31 09:33:12'),(1153,NULL,102130008,'opened course','94;Java;Nguyen Huu Hung','2017-07-31 09:33:12'),(1155,NULL,102130003,'opened course','94;Java;Nguyen Huu Hung','2017-07-31 09:33:12'),(1156,NULL,102130006,'opened course','94;Java;Nguyen Huu Hung','2017-07-31 09:33:12'),(1157,NULL,102130009,'opened course','94;Java;Nguyen Huu Hung','2017-07-31 09:33:12'),(1158,NULL,102130015,'opened course','94;Java;Nguyen Huu Hung','2017-07-31 09:33:12'),(1159,NULL,102130016,'opened course','94;Java;Nguyen Huu Hung','2017-07-31 09:33:12'),(1160,NULL,102130017,'opened course','94;Java;Nguyen Huu Hung','2017-07-31 09:33:12'),(1161,NULL,102130018,'opened course','94;Java;Nguyen Huu Hung','2017-07-31 09:33:12'),(1162,NULL,102130019,'opened course','94;Java;Nguyen Huu Hung','2017-07-31 09:33:12'),(1163,NULL,102130020,'opened course','94;Java;Nguyen Huu Hung','2017-07-31 09:33:12'),(1164,NULL,102130034,'opened course','94;Java;Nguyen Huu Hung','2017-07-31 09:33:12'),(1165,NULL,102130049,'opened course','94;Java;Nguyen Huu Hung','2017-07-31 09:33:12'),(1166,NULL,102130051,'opened course','94;Java;Nguyen Huu Hung','2017-07-31 09:33:12'),(1167,NULL,102130028,'opened course','28;Java;Vo Thi Hong','2017-07-31 09:33:56'),(1169,NULL,102130003,'opened course','28;Java;Vo Thi Hong','2017-07-31 09:33:56'),(1170,NULL,102130006,'opened course','28;Java;Vo Thi Hong','2017-07-31 09:33:56'),(1171,NULL,102130009,'opened course','28;Java;Vo Thi Hong','2017-07-31 09:33:56'),(1172,NULL,102130015,'opened course','28;Java;Vo Thi Hong','2017-07-31 09:33:56'),(1173,NULL,102130016,'opened course','28;Java;Vo Thi Hong','2017-07-31 09:33:56'),(1174,NULL,102130017,'opened course','28;Java;Vo Thi Hong','2017-07-31 09:33:56'),(1175,NULL,102130018,'opened course','28;Java;Vo Thi Hong','2017-07-31 09:33:56'),(1176,NULL,102130019,'opened course','28;Java;Vo Thi Hong','2017-07-31 09:33:56'),(1177,NULL,102130020,'opened course','28;Java;Vo Thi Hong','2017-07-31 09:33:56'),(1178,NULL,102130034,'opened course','28;Java;Vo Thi Hong','2017-07-31 09:33:56'),(1179,NULL,102130049,'opened course','28;Java;Vo Thi Hong','2017-07-31 09:33:56'),(1180,NULL,102130051,'opened course','28;Java;Vo Thi Hong','2017-07-31 09:33:57'),(1183,NULL,102130003,'opened course','35;PHP;Vo Van Chien','2017-07-31 09:33:57'),(1184,NULL,102130006,'opened course','35;PHP;Vo Van Chien','2017-07-31 09:33:57'),(1185,NULL,102130009,'opened course','35;PHP;Vo Van Chien','2017-07-31 09:33:57'),(1186,NULL,102130015,'opened course','35;PHP;Vo Van Chien','2017-07-31 09:33:57'),(1187,NULL,102130016,'opened course','35;PHP;Vo Van Chien','2017-07-31 09:33:57'),(1188,NULL,102130017,'opened course','35;PHP;Vo Van Chien','2017-07-31 09:33:57'),(1189,NULL,102130018,'opened course','35;PHP;Vo Van Chien','2017-07-31 09:33:57'),(1190,NULL,102130019,'opened course','35;PHP;Vo Van Chien','2017-07-31 09:33:57'),(1191,NULL,102130020,'opened course','35;PHP;Vo Van Chien','2017-07-31 09:33:57'),(1192,NULL,102130034,'opened course','35;PHP;Vo Van Chien','2017-07-31 09:33:57'),(1193,NULL,102130049,'opened course','35;PHP;Vo Van Chien','2017-07-31 09:33:57'),(1194,NULL,102130051,'opened course','35;PHP;Vo Van Chien','2017-07-31 09:33:57'),(1195,NULL,102130048,'opened course','100;Soft skill;Le Tham Duong','2017-07-31 09:33:57'),(1197,NULL,102130003,'opened course','100;Soft skill;Le Tham Duong','2017-07-31 09:33:57'),(1198,NULL,102130006,'opened course','100;Soft skill;Le Tham Duong','2017-07-31 09:33:57'),(1199,NULL,102130009,'opened course','100;Soft skill;Le Tham Duong','2017-07-31 09:33:57'),(1200,NULL,102130015,'opened course','100;Soft skill;Le Tham Duong','2017-07-31 09:33:57'),(1201,NULL,102130016,'opened course','100;Soft skill;Le Tham Duong','2017-07-31 09:33:57'),(1202,NULL,102130017,'opened course','100;Soft skill;Le Tham Duong','2017-07-31 09:33:57'),(1203,NULL,102130018,'opened course','100;Soft skill;Le Tham Duong','2017-07-31 09:33:57'),(1204,NULL,102130019,'opened course','100;Soft skill;Le Tham Duong','2017-07-31 09:33:57'),(1205,NULL,102130020,'opened course','100;Soft skill;Le Tham Duong','2017-07-31 09:33:57'),(1206,NULL,102130034,'opened course','100;Soft skill;Le Tham Duong','2017-07-31 09:33:57'),(1207,NULL,102130049,'opened course','100;Soft skill;Le Tham Duong','2017-07-31 09:33:58'),(1208,NULL,102130051,'opened course','100;Soft skill;Le Tham Duong','2017-07-31 09:33:58'),(1209,NULL,102130048,'opened course','99;Soft skill;Le Tham Duong','2017-07-31 09:34:38'),(1211,NULL,102130003,'opened course','99;Soft skill;Le Tham Duong','2017-07-31 09:34:38'),(1212,NULL,102130006,'opened course','99;Soft skill;Le Tham Duong','2017-07-31 09:34:38'),(1213,NULL,102130009,'opened course','99;Soft skill;Le Tham Duong','2017-07-31 09:34:38'),(1214,NULL,102130015,'opened course','99;Soft skill;Le Tham Duong','2017-07-31 09:34:38'),(1215,NULL,102130016,'opened course','99;Soft skill;Le Tham Duong','2017-07-31 09:34:38'),(1216,NULL,102130017,'opened course','99;Soft skill;Le Tham Duong','2017-07-31 09:34:38'),(1217,NULL,102130018,'opened course','99;Soft skill;Le Tham Duong','2017-07-31 09:34:38'),(1218,NULL,102130019,'opened course','99;Soft skill;Le Tham Duong','2017-07-31 09:34:38'),(1219,NULL,102130020,'opened course','99;Soft skill;Le Tham Duong','2017-07-31 09:34:39'),(1220,NULL,102130034,'opened course','99;Soft skill;Le Tham Duong','2017-07-31 09:34:39'),(1221,NULL,102130049,'opened course','99;Soft skill;Le Tham Duong','2017-07-31 09:34:39'),(1222,NULL,102130051,'opened course','99;Soft skill;Le Tham Duong','2017-07-31 09:34:39'),(1223,NULL,102130048,'opened course','100;Soft skill;Le Tham Duong','2017-07-31 09:35:14'),(1225,NULL,102130003,'opened course','100;Soft skill;Le Tham Duong','2017-07-31 09:35:14'),(1226,NULL,102130006,'opened course','100;Soft skill;Le Tham Duong','2017-07-31 09:35:14'),(1227,NULL,102130009,'opened course','100;Soft skill;Le Tham Duong','2017-07-31 09:35:14'),(1228,NULL,102130015,'opened course','100;Soft skill;Le Tham Duong','2017-07-31 09:35:14'),(1229,NULL,102130016,'opened course','100;Soft skill;Le Tham Duong','2017-07-31 09:35:14'),(1230,NULL,102130017,'opened course','100;Soft skill;Le Tham Duong','2017-07-31 09:35:15'),(1231,NULL,102130018,'opened course','100;Soft skill;Le Tham Duong','2017-07-31 09:35:15'),(1232,NULL,102130019,'opened course','100;Soft skill;Le Tham Duong','2017-07-31 09:35:15'),(1233,NULL,102130020,'opened course','100;Soft skill;Le Tham Duong','2017-07-31 09:35:15'),(1234,NULL,102130034,'opened course','100;Soft skill;Le Tham Duong','2017-07-31 09:35:15'),(1235,NULL,102130049,'opened course','100;Soft skill;Le Tham Duong','2017-07-31 09:35:15'),(1236,NULL,102130051,'opened course','100;Soft skill;Le Tham Duong','2017-07-31 09:35:15'),(1237,NULL,102130048,'opened course','100;Soft skill;Le Tham Duong','2017-07-31 09:37:21'),(1239,NULL,102130003,'opened course','100;Soft skill;Le Tham Duong','2017-07-31 09:37:21'),(1240,NULL,102130006,'opened course','100;Soft skill;Le Tham Duong','2017-07-31 09:37:21'),(1241,NULL,102130009,'opened course','100;Soft skill;Le Tham Duong','2017-07-31 09:37:21'),(1242,NULL,102130015,'opened course','100;Soft skill;Le Tham Duong','2017-07-31 09:37:21'),(1243,NULL,102130016,'opened course','100;Soft skill;Le Tham Duong','2017-07-31 09:37:21'),(1244,NULL,102130017,'opened course','100;Soft skill;Le Tham Duong','2017-07-31 09:37:22'),(1245,NULL,102130018,'opened course','100;Soft skill;Le Tham Duong','2017-07-31 09:37:22'),(1246,NULL,102130019,'opened course','100;Soft skill;Le Tham Duong','2017-07-31 09:37:22'),(1247,NULL,102130020,'opened course','100;Soft skill;Le Tham Duong','2017-07-31 09:37:22'),(1248,NULL,102130034,'opened course','100;Soft skill;Le Tham Duong','2017-07-31 09:37:22'),(1249,NULL,102130049,'opened course','100;Soft skill;Le Tham Duong','2017-07-31 09:37:22'),(1250,NULL,102130051,'opened course','100;Soft skill;Le Tham Duong','2017-07-31 09:37:22'),(1253,NULL,102130003,'opened course','33;English;Le Hai Nghi','2017-07-31 09:39:03'),(1254,NULL,102130006,'opened course','33;English;Le Hai Nghi','2017-07-31 09:39:03'),(1255,NULL,102130009,'opened course','33;English;Le Hai Nghi','2017-07-31 09:39:03'),(1256,NULL,102130015,'opened course','33;English;Le Hai Nghi','2017-07-31 09:39:03'),(1257,NULL,102130016,'opened course','33;English;Le Hai Nghi','2017-07-31 09:39:03'),(1258,NULL,102130017,'opened course','33;English;Le Hai Nghi','2017-07-31 09:39:03'),(1259,NULL,102130018,'opened course','33;English;Le Hai Nghi','2017-07-31 09:39:03'),(1260,NULL,102130019,'opened course','33;English;Le Hai Nghi','2017-07-31 09:39:03'),(1261,NULL,102130020,'opened course','33;English;Le Hai Nghi','2017-07-31 09:39:03'),(1262,NULL,102130034,'opened course','33;English;Le Hai Nghi','2017-07-31 09:39:04'),(1263,NULL,102130049,'opened course','33;English;Le Hai Nghi','2017-07-31 09:39:04'),(1264,NULL,102130051,'opened course','33;English;Le Hai Nghi','2017-07-31 09:39:04'),(1265,NULL,102130038,'opened course','97;Soft skill;Nguyen Thanh Trung','2017-07-31 09:40:04'),(1267,NULL,102130003,'opened course','97;Soft skill;Nguyen Thanh Trung','2017-07-31 09:40:04'),(1268,NULL,102130006,'opened course','97;Soft skill;Nguyen Thanh Trung','2017-07-31 09:40:04'),(1269,NULL,102130009,'opened course','97;Soft skill;Nguyen Thanh Trung','2017-07-31 09:40:04'),(1270,NULL,102130015,'opened course','97;Soft skill;Nguyen Thanh Trung','2017-07-31 09:40:04'),(1271,NULL,102130016,'opened course','97;Soft skill;Nguyen Thanh Trung','2017-07-31 09:40:04'),(1272,NULL,102130017,'opened course','97;Soft skill;Nguyen Thanh Trung','2017-07-31 09:40:04'),(1273,NULL,102130018,'opened course','97;Soft skill;Nguyen Thanh Trung','2017-07-31 09:40:04'),(1274,NULL,102130019,'opened course','97;Soft skill;Nguyen Thanh Trung','2017-07-31 09:40:04'),(1275,NULL,102130020,'opened course','97;Soft skill;Nguyen Thanh Trung','2017-07-31 09:40:04'),(1276,NULL,102130034,'opened course','97;Soft skill;Nguyen Thanh Trung','2017-07-31 09:40:04'),(1277,NULL,102130049,'opened course','97;Soft skill;Nguyen Thanh Trung','2017-07-31 09:40:04'),(1278,NULL,102130051,'opened course','97;Soft skill;Nguyen Thanh Trung','2017-07-31 09:40:04'),(1279,NULL,102130048,'opened course','99;Soft skill;Le Tham Duong','2017-07-31 09:40:04'),(1281,NULL,102130003,'opened course','99;Soft skill;Le Tham Duong','2017-07-31 09:40:04'),(1282,NULL,102130006,'opened course','99;Soft skill;Le Tham Duong','2017-07-31 09:40:04'),(1283,NULL,102130009,'opened course','99;Soft skill;Le Tham Duong','2017-07-31 09:40:04'),(1284,NULL,102130015,'opened course','99;Soft skill;Le Tham Duong','2017-07-31 09:40:04'),(1285,NULL,102130016,'opened course','99;Soft skill;Le Tham Duong','2017-07-31 09:40:05'),(1286,NULL,102130017,'opened course','99;Soft skill;Le Tham Duong','2017-07-31 09:40:05'),(1287,NULL,102130018,'opened course','99;Soft skill;Le Tham Duong','2017-07-31 09:40:05'),(1288,NULL,102130019,'opened course','99;Soft skill;Le Tham Duong','2017-07-31 09:40:05'),(1289,NULL,102130020,'opened course','99;Soft skill;Le Tham Duong','2017-07-31 09:40:05'),(1290,NULL,102130034,'opened course','99;Soft skill;Le Tham Duong','2017-07-31 09:40:05'),(1291,NULL,102130049,'opened course','99;Soft skill;Le Tham Duong','2017-07-31 09:40:05'),(1292,NULL,102130051,'opened course','99;Soft skill;Le Tham Duong','2017-07-31 09:40:05'),(1293,NULL,102130038,'opened course','97;Soft skill;Nguyen Thanh Trung','2017-07-31 09:41:03'),(1295,NULL,102130003,'opened course','97;Soft skill;Nguyen Thanh Trung','2017-07-31 09:41:03'),(1296,NULL,102130006,'opened course','97;Soft skill;Nguyen Thanh Trung','2017-07-31 09:41:03'),(1297,NULL,102130009,'opened course','97;Soft skill;Nguyen Thanh Trung','2017-07-31 09:41:03'),(1298,NULL,102130015,'opened course','97;Soft skill;Nguyen Thanh Trung','2017-07-31 09:41:03'),(1299,NULL,102130016,'opened course','97;Soft skill;Nguyen Thanh Trung','2017-07-31 09:41:03'),(1300,NULL,102130017,'opened course','97;Soft skill;Nguyen Thanh Trung','2017-07-31 09:41:03'),(1301,NULL,102130018,'opened course','97;Soft skill;Nguyen Thanh Trung','2017-07-31 09:41:03'),(1302,NULL,102130019,'opened course','97;Soft skill;Nguyen Thanh Trung','2017-07-31 09:41:03'),(1303,NULL,102130020,'opened course','97;Soft skill;Nguyen Thanh Trung','2017-07-31 09:41:03'),(1304,NULL,102130034,'opened course','97;Soft skill;Nguyen Thanh Trung','2017-07-31 09:41:03'),(1305,NULL,102130049,'opened course','97;Soft skill;Nguyen Thanh Trung','2017-07-31 09:41:03'),(1306,NULL,102130051,'opened course','97;Soft skill;Nguyen Thanh Trung','2017-07-31 09:41:03'),(1307,NULL,102130008,'opened course','94;Java;Nguyen Huu Hung','2017-07-31 09:41:03'),(1309,NULL,102130003,'opened course','94;Java;Nguyen Huu Hung','2017-07-31 09:41:03'),(1310,NULL,102130006,'opened course','94;Java;Nguyen Huu Hung','2017-07-31 09:41:03'),(1311,NULL,102130009,'opened course','94;Java;Nguyen Huu Hung','2017-07-31 09:41:03'),(1312,NULL,102130015,'opened course','94;Java;Nguyen Huu Hung','2017-07-31 09:41:03'),(1313,NULL,102130016,'opened course','94;Java;Nguyen Huu Hung','2017-07-31 09:41:03'),(1314,NULL,102130017,'opened course','94;Java;Nguyen Huu Hung','2017-07-31 09:41:03'),(1315,NULL,102130018,'opened course','94;Java;Nguyen Huu Hung','2017-07-31 09:41:03'),(1316,NULL,102130019,'opened course','94;Java;Nguyen Huu Hung','2017-07-31 09:41:03'),(1317,NULL,102130020,'opened course','94;Java;Nguyen Huu Hung','2017-07-31 09:41:04'),(1318,NULL,102130034,'opened course','94;Java;Nguyen Huu Hung','2017-07-31 09:41:04'),(1319,NULL,102130049,'opened course','94;Java;Nguyen Huu Hung','2017-07-31 09:41:04'),(1320,NULL,102130051,'opened course','94;Java;Nguyen Huu Hung','2017-07-31 09:41:04'),(1321,NULL,102130047,'opened course','93;Java;Nguyen Manh Hung','2017-07-31 09:41:59'),(1323,NULL,102130003,'opened course','93;Java;Nguyen Manh Hung','2017-07-31 09:41:59'),(1324,NULL,102130006,'opened course','93;Java;Nguyen Manh Hung','2017-07-31 09:41:59'),(1325,NULL,102130009,'opened course','93;Java;Nguyen Manh Hung','2017-07-31 09:41:59'),(1326,NULL,102130015,'opened course','93;Java;Nguyen Manh Hung','2017-07-31 09:41:59'),(1327,NULL,102130016,'opened course','93;Java;Nguyen Manh Hung','2017-07-31 09:41:59'),(1328,NULL,102130017,'opened course','93;Java;Nguyen Manh Hung','2017-07-31 09:41:59'),(1329,NULL,102130018,'opened course','93;Java;Nguyen Manh Hung','2017-07-31 09:41:59'),(1330,NULL,102130019,'opened course','93;Java;Nguyen Manh Hung','2017-07-31 09:41:59'),(1331,NULL,102130020,'opened course','93;Java;Nguyen Manh Hung','2017-07-31 09:41:59'),(1332,NULL,102130034,'opened course','93;Java;Nguyen Manh Hung','2017-07-31 09:41:59'),(1333,NULL,102130049,'opened course','93;Java;Nguyen Manh Hung','2017-07-31 09:41:59'),(1334,NULL,102130051,'opened course','93;Java;Nguyen Manh Hung','2017-07-31 09:41:59'),(1335,NULL,102130008,'opened course','94;Java;Nguyen Huu Hung','2017-07-31 09:41:59'),(1337,NULL,102130003,'opened course','94;Java;Nguyen Huu Hung','2017-07-31 09:41:59'),(1338,NULL,102130006,'opened course','94;Java;Nguyen Huu Hung','2017-07-31 09:41:59'),(1339,NULL,102130009,'opened course','94;Java;Nguyen Huu Hung','2017-07-31 09:41:59'),(1340,NULL,102130015,'opened course','94;Java;Nguyen Huu Hung','2017-07-31 09:41:59'),(1341,NULL,102130016,'opened course','94;Java;Nguyen Huu Hung','2017-07-31 09:41:59'),(1342,NULL,102130017,'opened course','94;Java;Nguyen Huu Hung','2017-07-31 09:42:00'),(1343,NULL,102130018,'opened course','94;Java;Nguyen Huu Hung','2017-07-31 09:42:00'),(1344,NULL,102130019,'opened course','94;Java;Nguyen Huu Hung','2017-07-31 09:42:00'),(1345,NULL,102130020,'opened course','94;Java;Nguyen Huu Hung','2017-07-31 09:42:00'),(1346,NULL,102130034,'opened course','94;Java;Nguyen Huu Hung','2017-07-31 09:42:00'),(1347,NULL,102130049,'opened course','94;Java;Nguyen Huu Hung','2017-07-31 09:42:00'),(1348,NULL,102130051,'opened course','94;Java;Nguyen Huu Hung','2017-07-31 09:42:00'),(1349,NULL,102130047,'opened course','93;Java;Nguyen Manh Hung','2017-07-31 09:42:43'),(1351,NULL,102130003,'opened course','93;Java;Nguyen Manh Hung','2017-07-31 09:42:43'),(1352,NULL,102130006,'opened course','93;Java;Nguyen Manh Hung','2017-07-31 09:42:43'),(1353,NULL,102130009,'opened course','93;Java;Nguyen Manh Hung','2017-07-31 09:42:43'),(1354,NULL,102130015,'opened course','93;Java;Nguyen Manh Hung','2017-07-31 09:42:43'),(1355,NULL,102130016,'opened course','93;Java;Nguyen Manh Hung','2017-07-31 09:42:43'),(1356,NULL,102130017,'opened course','93;Java;Nguyen Manh Hung','2017-07-31 09:42:43'),(1357,NULL,102130018,'opened course','93;Java;Nguyen Manh Hung','2017-07-31 09:42:43'),(1358,NULL,102130019,'opened course','93;Java;Nguyen Manh Hung','2017-07-31 09:42:43'),(1359,NULL,102130020,'opened course','93;Java;Nguyen Manh Hung','2017-07-31 09:42:43'),(1360,NULL,102130034,'opened course','93;Java;Nguyen Manh Hung','2017-07-31 09:42:43'),(1361,NULL,102130049,'opened course','93;Java;Nguyen Manh Hung','2017-07-31 09:42:43'),(1362,NULL,102130051,'opened course','93;Java;Nguyen Manh Hung','2017-07-31 09:42:43'),(1363,NULL,102130008,'opened course','94;Java;Nguyen Huu Hung','2017-07-31 09:42:43'),(1365,NULL,102130003,'opened course','94;Java;Nguyen Huu Hung','2017-07-31 09:42:43'),(1366,NULL,102130006,'opened course','94;Java;Nguyen Huu Hung','2017-07-31 09:42:43'),(1367,NULL,102130009,'opened course','94;Java;Nguyen Huu Hung','2017-07-31 09:42:43'),(1368,NULL,102130015,'opened course','94;Java;Nguyen Huu Hung','2017-07-31 09:42:43'),(1369,NULL,102130016,'opened course','94;Java;Nguyen Huu Hung','2017-07-31 09:42:43'),(1370,NULL,102130017,'opened course','94;Java;Nguyen Huu Hung','2017-07-31 09:42:43'),(1371,NULL,102130018,'opened course','94;Java;Nguyen Huu Hung','2017-07-31 09:42:43'),(1372,NULL,102130019,'opened course','94;Java;Nguyen Huu Hung','2017-07-31 09:42:43'),(1373,NULL,102130020,'opened course','94;Java;Nguyen Huu Hung','2017-07-31 09:42:43'),(1374,NULL,102130034,'opened course','94;Java;Nguyen Huu Hung','2017-07-31 09:42:44'),(1375,NULL,102130049,'opened course','94;Java;Nguyen Huu Hung','2017-07-31 09:42:44'),(1376,NULL,102130051,'opened course','94;Java;Nguyen Huu Hung','2017-07-31 09:42:44'),(1378,NULL,102130006,'reopened course','101;PHP;Vo Van Chien','2017-07-31 09:59:34'),(1379,NULL,102130015,'reopened course','101;PHP;Vo Van Chien','2017-07-31 09:59:34'),(1380,NULL,102130016,'reopened course','101;PHP;Vo Van Chien','2017-07-31 09:59:34'),(1383,NULL,102130003,'opened course','1;English;Le Hai Nghi','2017-07-31 10:00:12'),(1384,NULL,102130006,'opened course','1;English;Le Hai Nghi','2017-07-31 10:00:12'),(1385,NULL,102130009,'opened course','1;English;Le Hai Nghi','2017-07-31 10:00:12'),(1386,NULL,102130015,'opened course','1;English;Le Hai Nghi','2017-07-31 10:00:12'),(1387,NULL,102130016,'opened course','1;English;Le Hai Nghi','2017-07-31 10:00:12'),(1388,NULL,102130017,'opened course','1;English;Le Hai Nghi','2017-07-31 10:00:12'),(1389,NULL,102130018,'opened course','1;English;Le Hai Nghi','2017-07-31 10:00:12'),(1390,NULL,102130019,'opened course','1;English;Le Hai Nghi','2017-07-31 10:00:12'),(1391,NULL,102130020,'opened course','1;English;Le Hai Nghi','2017-07-31 10:00:12'),(1392,NULL,102130034,'opened course','1;English;Le Hai Nghi','2017-07-31 10:00:12'),(1393,NULL,102130049,'opened course','1;English;Le Hai Nghi','2017-07-31 10:00:12'),(1394,NULL,102130051,'opened course','1;English;Le Hai Nghi','2017-07-31 10:00:12'),(1397,NULL,102130003,'opened course','1;English;Le Hai Nghi','2017-07-31 10:39:07'),(1398,NULL,102130006,'opened course','1;English;Le Hai Nghi','2017-07-31 10:39:07'),(1399,NULL,102130009,'opened course','1;English;Le Hai Nghi','2017-07-31 10:39:07'),(1400,NULL,102130015,'opened course','1;English;Le Hai Nghi','2017-07-31 10:39:07'),(1401,NULL,102130016,'opened course','1;English;Le Hai Nghi','2017-07-31 10:39:07'),(1402,NULL,102130017,'opened course','1;English;Le Hai Nghi','2017-07-31 10:39:07'),(1403,NULL,102130018,'opened course','1;English;Le Hai Nghi','2017-07-31 10:39:07'),(1404,NULL,102130019,'opened course','1;English;Le Hai Nghi','2017-07-31 10:39:07'),(1405,NULL,102130020,'opened course','1;English;Le Hai Nghi','2017-07-31 10:39:07'),(1406,NULL,102130034,'opened course','1;English;Le Hai Nghi','2017-07-31 10:39:07'),(1407,NULL,102130049,'opened course','1;English;Le Hai Nghi','2017-07-31 10:39:07'),(1408,NULL,102130051,'opened course','1;English;Le Hai Nghi','2017-07-31 10:39:07'),(1415,NULL,102130038,'opened course','97;Soft skill;Nguyen Thanh Trung','2017-07-31 14:43:31'),(1417,NULL,102130003,'opened course','97;Soft skill;Nguyen Thanh Trung','2017-07-31 14:43:31'),(1418,NULL,102130006,'opened course','97;Soft skill;Nguyen Thanh Trung','2017-07-31 14:43:31'),(1419,NULL,102130009,'opened course','97;Soft skill;Nguyen Thanh Trung','2017-07-31 14:43:31'),(1420,NULL,102130015,'opened course','97;Soft skill;Nguyen Thanh Trung','2017-07-31 14:43:31'),(1421,NULL,102130016,'opened course','97;Soft skill;Nguyen Thanh Trung','2017-07-31 14:43:31'),(1422,NULL,102130017,'opened course','97;Soft skill;Nguyen Thanh Trung','2017-07-31 14:43:31'),(1423,NULL,102130018,'opened course','97;Soft skill;Nguyen Thanh Trung','2017-07-31 14:43:31'),(1424,NULL,102130019,'opened course','97;Soft skill;Nguyen Thanh Trung','2017-07-31 14:43:31'),(1425,NULL,102130020,'opened course','97;Soft skill;Nguyen Thanh Trung','2017-07-31 14:43:31'),(1426,NULL,102130034,'opened course','97;Soft skill;Nguyen Thanh Trung','2017-07-31 14:43:31'),(1427,NULL,102130049,'opened course','97;Soft skill;Nguyen Thanh Trung','2017-07-31 14:43:31'),(1428,NULL,102130051,'opened course','97;Soft skill;Nguyen Thanh Trung','2017-07-31 14:43:31'),(1429,NULL,102130048,'opened course','99;Soft skill;Le Tham Duong','2017-07-31 14:43:31'),(1431,NULL,102130003,'opened course','99;Soft skill;Le Tham Duong','2017-07-31 14:43:31'),(1432,NULL,102130006,'opened course','99;Soft skill;Le Tham Duong','2017-07-31 14:43:31'),(1433,NULL,102130009,'opened course','99;Soft skill;Le Tham Duong','2017-07-31 14:43:31'),(1434,NULL,102130015,'opened course','99;Soft skill;Le Tham Duong','2017-07-31 14:43:31'),(1435,NULL,102130016,'opened course','99;Soft skill;Le Tham Duong','2017-07-31 14:43:31'),(1436,NULL,102130017,'opened course','99;Soft skill;Le Tham Duong','2017-07-31 14:43:31'),(1437,NULL,102130018,'opened course','99;Soft skill;Le Tham Duong','2017-07-31 14:43:31'),(1438,NULL,102130019,'opened course','99;Soft skill;Le Tham Duong','2017-07-31 14:43:31'),(1439,NULL,102130020,'opened course','99;Soft skill;Le Tham Duong','2017-07-31 14:43:31'),(1440,NULL,102130034,'opened course','99;Soft skill;Le Tham Duong','2017-07-31 14:43:31'),(1441,NULL,102130049,'opened course','99;Soft skill;Le Tham Duong','2017-07-31 14:43:32'),(1442,NULL,102130051,'opened course','99;Soft skill;Le Tham Duong','2017-07-31 14:43:32'),(1445,NULL,102130003,'opened course','34;IOS;Le Hai Nghi','2017-07-31 15:06:37'),(1446,NULL,102130006,'opened course','34;IOS;Le Hai Nghi','2017-07-31 15:06:37'),(1447,NULL,102130009,'opened course','34;IOS;Le Hai Nghi','2017-07-31 15:06:37'),(1448,NULL,102130015,'opened course','34;IOS;Le Hai Nghi','2017-07-31 15:06:37'),(1449,NULL,102130016,'opened course','34;IOS;Le Hai Nghi','2017-07-31 15:06:37'),(1450,NULL,102130017,'opened course','34;IOS;Le Hai Nghi','2017-07-31 15:06:37'),(1451,NULL,102130018,'opened course','34;IOS;Le Hai Nghi','2017-07-31 15:06:37'),(1452,NULL,102130019,'opened course','34;IOS;Le Hai Nghi','2017-07-31 15:06:37'),(1453,NULL,102130020,'opened course','34;IOS;Le Hai Nghi','2017-07-31 15:06:37'),(1454,NULL,102130034,'opened course','34;IOS;Le Hai Nghi','2017-07-31 15:06:37'),(1455,NULL,102130049,'opened course','34;IOS;Le Hai Nghi','2017-07-31 15:06:37'),(1456,NULL,102130051,'opened course','34;IOS;Le Hai Nghi','2017-07-31 15:06:37'),(1457,NULL,102130033,'opened course','37;PHP;Tran Van Tai','2017-07-31 15:06:37'),(1459,NULL,102130003,'opened course','37;PHP;Tran Van Tai','2017-07-31 15:06:37'),(1460,NULL,102130006,'opened course','37;PHP;Tran Van Tai','2017-07-31 15:06:37'),(1461,NULL,102130009,'opened course','37;PHP;Tran Van Tai','2017-07-31 15:06:37'),(1462,NULL,102130015,'opened course','37;PHP;Tran Van Tai','2017-07-31 15:06:37'),(1463,NULL,102130016,'opened course','37;PHP;Tran Van Tai','2017-07-31 15:06:37'),(1464,NULL,102130017,'opened course','37;PHP;Tran Van Tai','2017-07-31 15:06:37'),(1465,NULL,102130018,'opened course','37;PHP;Tran Van Tai','2017-07-31 15:06:37'),(1466,NULL,102130019,'opened course','37;PHP;Tran Van Tai','2017-07-31 15:06:37'),(1467,NULL,102130020,'opened course','37;PHP;Tran Van Tai','2017-07-31 15:06:37'),(1468,NULL,102130034,'opened course','37;PHP;Tran Van Tai','2017-07-31 15:06:37'),(1469,NULL,102130049,'opened course','37;PHP;Tran Van Tai','2017-07-31 15:06:37'),(1470,NULL,102130051,'opened course','37;PHP;Tran Van Tai','2017-07-31 15:06:37'),(1471,NULL,102130045,'opened course','44;PHP;Tran Hung','2017-07-31 15:06:37'),(1473,NULL,102130003,'opened course','44;PHP;Tran Hung','2017-07-31 15:06:38'),(1474,NULL,102130006,'opened course','44;PHP;Tran Hung','2017-07-31 15:06:38'),(1475,NULL,102130009,'opened course','44;PHP;Tran Hung','2017-07-31 15:06:38'),(1476,NULL,102130015,'opened course','44;PHP;Tran Hung','2017-07-31 15:06:38'),(1477,NULL,102130016,'opened course','44;PHP;Tran Hung','2017-07-31 15:06:38'),(1478,NULL,102130017,'opened course','44;PHP;Tran Hung','2017-07-31 15:06:38'),(1479,NULL,102130018,'opened course','44;PHP;Tran Hung','2017-07-31 15:06:38'),(1480,NULL,102130019,'opened course','44;PHP;Tran Hung','2017-07-31 15:06:38'),(1481,NULL,102130020,'opened course','44;PHP;Tran Hung','2017-07-31 15:06:38'),(1482,NULL,102130034,'opened course','44;PHP;Tran Hung','2017-07-31 15:06:38'),(1483,NULL,102130049,'opened course','44;PHP;Tran Hung','2017-07-31 15:06:38'),(1484,NULL,102130051,'opened course','44;PHP;Tran Hung','2017-07-31 15:06:38'),(1485,NULL,102130048,'opened course','100;Soft skill;Le Tham Duong','2017-07-31 15:06:38'),(1487,NULL,102130003,'opened course','100;Soft skill;Le Tham Duong','2017-07-31 15:06:38'),(1488,NULL,102130006,'opened course','100;Soft skill;Le Tham Duong','2017-07-31 15:06:38'),(1489,NULL,102130009,'opened course','100;Soft skill;Le Tham Duong','2017-07-31 15:06:38'),(1490,NULL,102130015,'opened course','100;Soft skill;Le Tham Duong','2017-07-31 15:06:38'),(1491,NULL,102130016,'opened course','100;Soft skill;Le Tham Duong','2017-07-31 15:06:38'),(1492,NULL,102130017,'opened course','100;Soft skill;Le Tham Duong','2017-07-31 15:06:38'),(1493,NULL,102130018,'opened course','100;Soft skill;Le Tham Duong','2017-07-31 15:06:38'),(1494,NULL,102130019,'opened course','100;Soft skill;Le Tham Duong','2017-07-31 15:06:38'),(1495,NULL,102130020,'opened course','100;Soft skill;Le Tham Duong','2017-07-31 15:06:38'),(1496,NULL,102130034,'opened course','100;Soft skill;Le Tham Duong','2017-07-31 15:06:38'),(1497,NULL,102130049,'opened course','100;Soft skill;Le Tham Duong','2017-07-31 15:06:38'),(1498,NULL,102130051,'opened course','100;Soft skill;Le Tham Duong','2017-07-31 15:06:38'),(1499,NULL,102130008,'opened course','94;Java;Nguyen Huu Hung','2017-07-31 15:27:00'),(1501,NULL,102130003,'opened course','94;Java;Nguyen Huu Hung','2017-07-31 15:27:00'),(1502,NULL,102130006,'opened course','94;Java;Nguyen Huu Hung','2017-07-31 15:27:00'),(1503,NULL,102130009,'opened course','94;Java;Nguyen Huu Hung','2017-07-31 15:27:00'),(1504,NULL,102130015,'opened course','94;Java;Nguyen Huu Hung','2017-07-31 15:27:00'),(1505,NULL,102130016,'opened course','94;Java;Nguyen Huu Hung','2017-07-31 15:27:00'),(1506,NULL,102130017,'opened course','94;Java;Nguyen Huu Hung','2017-07-31 15:27:00'),(1507,NULL,102130018,'opened course','94;Java;Nguyen Huu Hung','2017-07-31 15:27:00'),(1508,NULL,102130019,'opened course','94;Java;Nguyen Huu Hung','2017-07-31 15:27:00'),(1509,NULL,102130020,'opened course','94;Java;Nguyen Huu Hung','2017-07-31 15:27:00'),(1510,NULL,102130034,'opened course','94;Java;Nguyen Huu Hung','2017-07-31 15:27:00'),(1511,NULL,102130049,'opened course','94;Java;Nguyen Huu Hung','2017-07-31 15:27:00'),(1512,NULL,102130051,'opened course','94;Java;Nguyen Huu Hung','2017-07-31 15:27:00'),(1513,NULL,102130048,'opened course','100;Soft skill;Le Tham Duong','2017-07-31 15:27:00'),(1515,NULL,102130003,'opened course','100;Soft skill;Le Tham Duong','2017-07-31 15:27:00'),(1516,NULL,102130006,'opened course','100;Soft skill;Le Tham Duong','2017-07-31 15:27:00'),(1517,NULL,102130009,'opened course','100;Soft skill;Le Tham Duong','2017-07-31 15:27:00'),(1518,NULL,102130015,'opened course','100;Soft skill;Le Tham Duong','2017-07-31 15:27:00'),(1519,NULL,102130016,'opened course','100;Soft skill;Le Tham Duong','2017-07-31 15:27:01'),(1520,NULL,102130017,'opened course','100;Soft skill;Le Tham Duong','2017-07-31 15:27:01'),(1521,NULL,102130018,'opened course','100;Soft skill;Le Tham Duong','2017-07-31 15:27:01'),(1522,NULL,102130019,'opened course','100;Soft skill;Le Tham Duong','2017-07-31 15:27:01'),(1523,NULL,102130020,'opened course','100;Soft skill;Le Tham Duong','2017-07-31 15:27:01'),(1524,NULL,102130034,'opened course','100;Soft skill;Le Tham Duong','2017-07-31 15:27:01'),(1525,NULL,102130049,'opened course','100;Soft skill;Le Tham Duong','2017-07-31 15:27:01'),(1526,NULL,102130051,'opened course','100;Soft skill;Le Tham Duong','2017-07-31 15:27:01'),(1527,NULL,102130048,'opened course','100;Soft skill;Le Tham Duong','2017-07-31 15:43:53'),(1529,NULL,102130003,'opened course','100;Soft skill;Le Tham Duong','2017-07-31 15:43:54'),(1530,NULL,102130006,'opened course','100;Soft skill;Le Tham Duong','2017-07-31 15:43:54'),(1531,NULL,102130009,'opened course','100;Soft skill;Le Tham Duong','2017-07-31 15:43:54'),(1532,NULL,102130015,'opened course','100;Soft skill;Le Tham Duong','2017-07-31 15:43:54'),(1533,NULL,102130016,'opened course','100;Soft skill;Le Tham Duong','2017-07-31 15:43:54'),(1534,NULL,102130017,'opened course','100;Soft skill;Le Tham Duong','2017-07-31 15:43:54'),(1535,NULL,102130018,'opened course','100;Soft skill;Le Tham Duong','2017-07-31 15:43:54'),(1536,NULL,102130019,'opened course','100;Soft skill;Le Tham Duong','2017-07-31 15:43:54'),(1537,NULL,102130020,'opened course','100;Soft skill;Le Tham Duong','2017-07-31 15:43:54'),(1538,NULL,102130034,'opened course','100;Soft skill;Le Tham Duong','2017-07-31 15:43:54'),(1539,NULL,102130049,'opened course','100;Soft skill;Le Tham Duong','2017-07-31 15:43:54'),(1540,NULL,102130051,'opened course','100;Soft skill;Le Tham Duong','2017-07-31 15:43:54'),(1541,NULL,102130033,'reopened course','103;PHP;Tran Van Tai','2017-07-31 15:44:31'),(1542,NULL,102130006,'reopened course','103;PHP;Tran Van Tai','2017-07-31 15:44:31'),(1543,NULL,102130015,'reopened course','103;PHP;Tran Van Tai','2017-07-31 15:44:31'),(1544,NULL,102130016,'reopened course','103;PHP;Tran Van Tai','2017-07-31 15:44:31'),(1558,NULL,102130008,'opened course','15;Java;Nguyen Huu Hung','2017-08-01 15:50:49'),(1560,NULL,102130003,'opened course','15;Java;Nguyen Huu Hung','2017-08-01 15:50:50'),(1561,NULL,102130006,'opened course','15;Java;Nguyen Huu Hung','2017-08-01 15:50:50'),(1562,NULL,102130009,'opened course','15;Java;Nguyen Huu Hung','2017-08-01 15:50:50'),(1563,NULL,102130015,'opened course','15;Java;Nguyen Huu Hung','2017-08-01 15:50:50'),(1577,NULL,102130006,'updated course','5;English;Le Hai Nghi','2017-08-02 09:41:28'),(1578,NULL,102130009,'updated course','5;English;Le Hai Nghi','2017-08-02 09:41:28'),(1579,NULL,102130015,'updated course','5;English;Le Hai Nghi','2017-08-02 09:41:28'),(1580,NULL,102130017,'updated course','5;English;Le Hai Nghi','2017-08-02 09:41:28'),(1581,NULL,102130018,'updated course','5;English;Le Hai Nghi','2017-08-02 09:41:28'),(1591,102130002,NULL,'requested schedule','182;2017-11-27;13:00:00;14:50:00','2017-08-02 10:07:12'),(1592,102130002,NULL,'requested schedule','179;2017-11-17;07:00:00;08:50:00','2017-08-02 10:07:20'),(1593,102130002,NULL,'requested schedule','181;2017-11-25;15:00:00;16:50:00','2017-08-02 10:07:34'),(1594,102130001,NULL,'requested course','3;Java','2017-08-02 10:34:55'),(1595,102130001,NULL,'requested course','1;English','2017-08-02 10:35:34'),(1596,102130001,NULL,'requested major','XXX;Xem xong xoa','2017-08-02 14:43:56'),(1600,NULL,102130003,'updated course','33;English;Le Hai Nghi','2017-08-02 14:49:56'),(1601,NULL,102130006,'updated course','33;English;Le Hai Nghi','2017-08-02 14:49:56'),(1602,NULL,102130009,'updated course','33;English;Le Hai Nghi','2017-08-02 14:49:56'),(1603,NULL,102130015,'updated course','33;English;Le Hai Nghi','2017-08-02 14:49:56'),(1604,NULL,102130016,'updated course','33;English;Le Hai Nghi','2017-08-02 14:49:56'),(1605,NULL,102130017,'updated course','33;English;Le Hai Nghi','2017-08-02 14:49:56'),(1606,NULL,102130018,'updated course','33;English;Le Hai Nghi','2017-08-02 14:49:56'),(1607,NULL,102130019,'updated course','33;English;Le Hai Nghi','2017-08-02 14:49:56'),(1608,NULL,102130020,'updated course','33;English;Le Hai Nghi','2017-08-02 14:49:56'),(1609,NULL,102130021,'updated course','33;English;Le Hai Nghi','2017-08-02 14:49:56'),(1610,NULL,102130022,'updated course','33;English;Le Hai Nghi','2017-08-02 14:49:56'),(1611,NULL,102130030,'updated course','33;English;Le Hai Nghi','2017-08-02 14:49:56'),(1612,NULL,102130031,'updated course','33;English;Le Hai Nghi','2017-08-02 14:49:56'),(1613,NULL,102130032,'updated course','33;English;Le Hai Nghi','2017-08-02 14:49:56'),(1614,NULL,102130034,'updated course','33;English;Le Hai Nghi','2017-08-02 14:49:56'),(1615,NULL,102130039,'updated course','33;English;Le Hai Nghi','2017-08-02 14:49:56'),(1616,NULL,102130040,'updated course','33;English;Le Hai Nghi','2017-08-02 14:49:56'),(1617,NULL,102130049,'updated course','33;English;Le Hai Nghi','2017-08-02 14:49:56'),(1618,NULL,102130051,'updated course','33;English;Le Hai Nghi','2017-08-02 14:49:56'),(1619,NULL,102130052,'updated course','33;English;Le Hai Nghi','2017-08-02 14:49:56'),(1620,NULL,102130053,'updated course','33;English;Le Hai Nghi','2017-08-02 14:49:56'),(1621,NULL,102130059,'updated course','33;English;Le Hai Nghi','2017-08-02 14:49:57'),(1622,NULL,102130063,'updated course','33;English;Le Hai Nghi','2017-08-02 14:49:57'),(1623,NULL,102130064,'updated course','33;English;Le Hai Nghi','2017-08-02 14:49:57'),(1624,NULL,102130067,'updated course','33;English;Le Hai Nghi','2017-08-02 14:49:57'),(1626,NULL,102130008,'opened course','105;Java;Nguyen Huu Hung','2017-08-02 14:59:25'),(1628,NULL,102130003,'opened course','105;Java;Nguyen Huu Hung','2017-08-02 14:59:25'),(1629,NULL,102130006,'opened course','105;Java;Nguyen Huu Hung','2017-08-02 14:59:25'),(1630,NULL,102130009,'opened course','105;Java;Nguyen Huu Hung','2017-08-02 14:59:25'),(1631,NULL,102130015,'opened course','105;Java;Nguyen Huu Hung','2017-08-02 14:59:25'),(1632,NULL,102130016,'opened course','105;Java;Nguyen Huu Hung','2017-08-02 14:59:25'),(1633,NULL,102130017,'opened course','105;Java;Nguyen Huu Hung','2017-08-02 14:59:25'),(1634,NULL,102130018,'opened course','105;Java;Nguyen Huu Hung','2017-08-02 14:59:25'),(1635,NULL,102130019,'opened course','105;Java;Nguyen Huu Hung','2017-08-02 14:59:25'),(1636,NULL,102130020,'opened course','105;Java;Nguyen Huu Hung','2017-08-02 14:59:25'),(1637,NULL,102130021,'opened course','105;Java;Nguyen Huu Hung','2017-08-02 14:59:25'),(1638,NULL,102130022,'opened course','105;Java;Nguyen Huu Hung','2017-08-02 14:59:25'),(1639,NULL,102130030,'opened course','105;Java;Nguyen Huu Hung','2017-08-02 14:59:25'),(1640,NULL,102130031,'opened course','105;Java;Nguyen Huu Hung','2017-08-02 14:59:25'),(1641,NULL,102130032,'opened course','105;Java;Nguyen Huu Hung','2017-08-02 14:59:25'),(1642,NULL,102130034,'opened course','105;Java;Nguyen Huu Hung','2017-08-02 14:59:25'),(1643,NULL,102130039,'opened course','105;Java;Nguyen Huu Hung','2017-08-02 14:59:25'),(1644,NULL,102130040,'opened course','105;Java;Nguyen Huu Hung','2017-08-02 14:59:26'),(1645,NULL,102130049,'opened course','105;Java;Nguyen Huu Hung','2017-08-02 14:59:26'),(1646,NULL,102130051,'opened course','105;Java;Nguyen Huu Hung','2017-08-02 14:59:26'),(1647,NULL,102130052,'opened course','105;Java;Nguyen Huu Hung','2017-08-02 14:59:26'),(1648,NULL,102130053,'opened course','105;Java;Nguyen Huu Hung','2017-08-02 14:59:26'),(1649,NULL,102130059,'opened course','105;Java;Nguyen Huu Hung','2017-08-02 14:59:26'),(1650,NULL,102130063,'opened course','105;Java;Nguyen Huu Hung','2017-08-02 14:59:26'),(1651,NULL,102130064,'opened course','105;Java;Nguyen Huu Hung','2017-08-02 14:59:26'),(1652,NULL,102130067,'opened course','105;Java;Nguyen Huu Hung','2017-08-02 14:59:26'),(1653,NULL,102130061,'opened course','104;English;Vo Thi Lam','2017-08-02 16:01:07'),(1655,NULL,102130003,'opened course','104;English;Vo Thi Lam','2017-08-02 16:01:07'),(1656,NULL,102130006,'opened course','104;English;Vo Thi Lam','2017-08-02 16:01:07'),(1657,NULL,102130009,'opened course','104;English;Vo Thi Lam','2017-08-02 16:01:07'),(1658,NULL,102130015,'opened course','104;English;Vo Thi Lam','2017-08-02 16:01:07'),(1659,NULL,102130016,'opened course','104;English;Vo Thi Lam','2017-08-02 16:01:07'),(1660,NULL,102130017,'opened course','104;English;Vo Thi Lam','2017-08-02 16:01:07'),(1661,NULL,102130018,'opened course','104;English;Vo Thi Lam','2017-08-02 16:01:07'),(1662,NULL,102130019,'opened course','104;English;Vo Thi Lam','2017-08-02 16:01:07'),(1663,NULL,102130020,'opened course','104;English;Vo Thi Lam','2017-08-02 16:01:07'),(1664,NULL,102130021,'opened course','104;English;Vo Thi Lam','2017-08-02 16:01:07'),(1665,NULL,102130022,'opened course','104;English;Vo Thi Lam','2017-08-02 16:01:07'),(1666,NULL,102130030,'opened course','104;English;Vo Thi Lam','2017-08-02 16:01:07'),(1667,NULL,102130031,'opened course','104;English;Vo Thi Lam','2017-08-02 16:01:07'),(1668,NULL,102130032,'opened course','104;English;Vo Thi Lam','2017-08-02 16:01:07'),(1669,NULL,102130034,'opened course','104;English;Vo Thi Lam','2017-08-02 16:01:07'),(1670,NULL,102130039,'opened course','104;English;Vo Thi Lam','2017-08-02 16:01:07'),(1671,NULL,102130040,'opened course','104;English;Vo Thi Lam','2017-08-02 16:01:07'),(1672,NULL,102130049,'opened course','104;English;Vo Thi Lam','2017-08-02 16:01:07'),(1673,NULL,102130051,'opened course','104;English;Vo Thi Lam','2017-08-02 16:01:07'),(1674,NULL,102130052,'opened course','104;English;Vo Thi Lam','2017-08-02 16:01:07'),(1675,NULL,102130053,'opened course','104;English;Vo Thi Lam','2017-08-02 16:01:07'),(1676,NULL,102130059,'opened course','104;English;Vo Thi Lam','2017-08-02 16:01:07'),(1677,NULL,102130063,'opened course','104;English;Vo Thi Lam','2017-08-02 16:01:07'),(1678,NULL,102130064,'opened course','104;English;Vo Thi Lam','2017-08-02 16:01:07'),(1679,NULL,102130067,'opened course','104;English;Vo Thi Lam','2017-08-02 16:01:07'),(1680,102130002,NULL,'modified schedule','24;0304;Wed;07:00:00;08:50:00;Mon;07:00:00;08:50:00','2017-08-03 08:19:15'),(1682,NULL,102130001,'approved course','English;106','2017-08-03 08:50:34'),(1684,NULL,102130001,'approved major','Attitude','2017-08-03 13:24:34'),(1686,NULL,102130001,'opened course','5;English;Le Hai Nghi','2017-08-03 13:26:27'),(1687,NULL,102130006,'opened course','5;English;Le Hai Nghi','2017-08-03 13:26:27'),(1688,NULL,102130009,'opened course','5;English;Le Hai Nghi','2017-08-03 13:26:27'),(1689,NULL,102130015,'opened course','5;English;Le Hai Nghi','2017-08-03 13:26:27'),(1690,NULL,102130017,'opened course','5;English;Le Hai Nghi','2017-08-03 13:26:27'),(1691,NULL,102130018,'opened course','5;English;Le Hai Nghi','2017-08-03 13:26:27'),(1694,102130002,NULL,'modified schedule','5;0105;Tue;13:00:00;14:50:00;Wed;07:00:00;08:50:00','2017-08-03 13:28:21'),(1695,NULL,102130033,'opened course','36;PHP;Tran Van Tai','2017-08-03 13:29:06'),(1696,NULL,102130001,'opened course','36;PHP;Tran Van Tai','2017-08-03 13:29:06'),(1697,NULL,102130003,'opened course','36;PHP;Tran Van Tai','2017-08-03 13:29:06'),(1698,NULL,102130006,'opened course','36;PHP;Tran Van Tai','2017-08-03 13:29:06'),(1699,NULL,102130009,'opened course','36;PHP;Tran Van Tai','2017-08-03 13:29:06'),(1700,NULL,102130015,'opened course','36;PHP;Tran Van Tai','2017-08-03 13:29:06'),(1701,NULL,102130016,'opened course','36;PHP;Tran Van Tai','2017-08-03 13:29:06'),(1702,NULL,102130017,'opened course','36;PHP;Tran Van Tai','2017-08-03 13:29:06'),(1703,NULL,102130018,'opened course','36;PHP;Tran Van Tai','2017-08-03 13:29:06'),(1704,NULL,102130019,'opened course','36;PHP;Tran Van Tai','2017-08-03 13:29:06'),(1705,NULL,102130020,'opened course','36;PHP;Tran Van Tai','2017-08-03 13:29:06'),(1706,NULL,102130021,'opened course','36;PHP;Tran Van Tai','2017-08-03 13:29:06'),(1707,NULL,102130022,'opened course','36;PHP;Tran Van Tai','2017-08-03 13:29:06'),(1708,NULL,102130030,'opened course','36;PHP;Tran Van Tai','2017-08-03 13:29:06'),(1709,NULL,102130031,'opened course','36;PHP;Tran Van Tai','2017-08-03 13:29:06'),(1710,NULL,102130032,'opened course','36;PHP;Tran Van Tai','2017-08-03 13:29:06'),(1711,NULL,102130034,'opened course','36;PHP;Tran Van Tai','2017-08-03 13:29:06'),(1712,NULL,102130039,'opened course','36;PHP;Tran Van Tai','2017-08-03 13:29:06'),(1713,NULL,102130040,'opened course','36;PHP;Tran Van Tai','2017-08-03 13:29:06'),(1714,NULL,102130049,'opened course','36;PHP;Tran Van Tai','2017-08-03 13:29:06'),(1715,NULL,102130051,'opened course','36;PHP;Tran Van Tai','2017-08-03 13:29:06'),(1716,NULL,102130052,'opened course','36;PHP;Tran Van Tai','2017-08-03 13:29:06'),(1717,NULL,102130053,'opened course','36;PHP;Tran Van Tai','2017-08-03 13:29:06'),(1718,NULL,102130059,'opened course','36;PHP;Tran Van Tai','2017-08-03 13:29:06'),(1719,NULL,102130063,'opened course','36;PHP;Tran Van Tai','2017-08-03 13:29:06'),(1720,NULL,102130064,'opened course','36;PHP;Tran Van Tai','2017-08-03 13:29:06'),(1721,NULL,102130067,'opened course','36;PHP;Tran Van Tai','2017-08-03 13:29:06'),(1722,NULL,102130047,'opened course','93;Java;Nguyen Manh Hung','2017-08-03 13:29:06'),(1723,NULL,102130001,'opened course','93;Java;Nguyen Manh Hung','2017-08-03 13:29:06'),(1724,NULL,102130003,'opened course','93;Java;Nguyen Manh Hung','2017-08-03 13:29:07'),(1725,NULL,102130006,'opened course','93;Java;Nguyen Manh Hung','2017-08-03 13:29:07'),(1726,NULL,102130009,'opened course','93;Java;Nguyen Manh Hung','2017-08-03 13:29:07'),(1727,NULL,102130015,'opened course','93;Java;Nguyen Manh Hung','2017-08-03 13:29:07'),(1728,NULL,102130016,'opened course','93;Java;Nguyen Manh Hung','2017-08-03 13:29:07'),(1729,NULL,102130017,'opened course','93;Java;Nguyen Manh Hung','2017-08-03 13:29:07'),(1730,NULL,102130018,'opened course','93;Java;Nguyen Manh Hung','2017-08-03 13:29:07'),(1731,NULL,102130019,'opened course','93;Java;Nguyen Manh Hung','2017-08-03 13:29:07'),(1732,NULL,102130020,'opened course','93;Java;Nguyen Manh Hung','2017-08-03 13:29:07'),(1733,NULL,102130021,'opened course','93;Java;Nguyen Manh Hung','2017-08-03 13:29:07'),(1734,NULL,102130022,'opened course','93;Java;Nguyen Manh Hung','2017-08-03 13:29:07'),(1735,NULL,102130030,'opened course','93;Java;Nguyen Manh Hung','2017-08-03 13:29:07'),(1736,NULL,102130031,'opened course','93;Java;Nguyen Manh Hung','2017-08-03 13:29:07'),(1737,NULL,102130032,'opened course','93;Java;Nguyen Manh Hung','2017-08-03 13:29:07'),(1738,NULL,102130034,'opened course','93;Java;Nguyen Manh Hung','2017-08-03 13:29:07'),(1739,NULL,102130039,'opened course','93;Java;Nguyen Manh Hung','2017-08-03 13:29:07'),(1740,NULL,102130040,'opened course','93;Java;Nguyen Manh Hung','2017-08-03 13:29:07'),(1741,NULL,102130049,'opened course','93;Java;Nguyen Manh Hung','2017-08-03 13:29:07'),(1742,NULL,102130051,'opened course','93;Java;Nguyen Manh Hung','2017-08-03 13:29:07'),(1743,NULL,102130052,'opened course','93;Java;Nguyen Manh Hung','2017-08-03 13:29:07'),(1744,NULL,102130053,'opened course','93;Java;Nguyen Manh Hung','2017-08-03 13:29:07'),(1745,NULL,102130059,'opened course','93;Java;Nguyen Manh Hung','2017-08-03 13:29:07'),(1746,NULL,102130063,'opened course','93;Java;Nguyen Manh Hung','2017-08-03 13:29:07'),(1747,NULL,102130064,'opened course','93;Java;Nguyen Manh Hung','2017-08-03 13:29:07'),(1748,NULL,102130067,'opened course','93;Java;Nguyen Manh Hung','2017-08-03 13:29:07');
/*!40000 ALTER TABLE `new_notification` ENABLE KEYS */;
UNLOCK TABLES;

--
-- Table structure for table `read_notification`
--

DROP TABLE IF EXISTS `read_notification`;
/*!40101 SET @saved_cs_client     = @@character_set_client */;
/*!40101 SET character_set_client = utf8 */;
CREATE TABLE `read_notification` (
  `id` int(11) DEFAULT NULL,
  `sender` int(11) DEFAULT NULL,
  `receiver` int(11) DEFAULT NULL,
  `type` enum('requested schedule','requested course','opened course','modified schedule','denied course','approved course','reopened course','requested major','approved major','denied major','changed trainer','denied schedule','approved schedule','updated course') DEFAULT NULL,
  `content` varchar(1024) DEFAULT NULL,
  `readAt` datetime DEFAULT NULL,
  `isApproved` int(11) DEFAULT '0'
) ENGINE=InnoDB DEFAULT CHARSET=latin1;
/*!40101 SET character_set_client = @saved_cs_client */;

--
-- Dumping data for table `read_notification`
--

LOCK TABLES `read_notification` WRITE;
/*!40000 ALTER TABLE `read_notification` DISABLE KEYS */;
INSERT INTO `read_notification` VALUES (307,102130001,NULL,'requested major','MMA;Mixed Martial Art','2017-07-14 10:08:51',1),(309,102130001,NULL,'requested major','MMA;Mixed Martial Art','2017-07-14 10:11:56',1),(311,102130001,NULL,'requested major','BJ;a professional person','2017-07-14 10:12:47',1),(303,NULL,102130001,'approved course','Java;73','2017-07-14 10:13:53',NULL),(304,NULL,102130001,'approved course','Java;74','2017-07-14 10:13:53',NULL),(306,NULL,102130001,'approved course','PHP;75','2017-07-14 10:13:53',NULL),(308,NULL,102130001,'approved major','MMA','2017-07-14 10:13:53',NULL),(313,NULL,102130001,'approved major','BJ','2017-07-14 10:13:53',NULL),(310,102130001,NULL,'requested course','2;Soft skill','2017-07-14 10:16:32',0),(314,NULL,102130001,'denied course','Soft skill','2017-07-14 10:16:39',NULL),(315,102130001,NULL,'requested major','XXX;Watch and delete','2017-07-14 10:18:02',1),(316,NULL,102130001,'approved major','XXX','2017-07-14 10:18:05',NULL),(318,102130001,NULL,'requested major','ABCXYZ;ABCXYZ','2017-07-14 10:18:48',0),(319,NULL,102130001,'denied major','ABCXYZ','2017-07-14 10:18:54',NULL),(317,102130001,NULL,'requested course','4;PHP','2017-07-14 10:19:02',0),(320,NULL,102130001,'denied course','PHP','2017-07-14 10:19:09',NULL),(276,NULL,102130006,'reopened course','67;English;Le Hai Nghi;R001','2017-07-14 10:54:36',NULL),(280,NULL,102130006,'opened course','57;English;Le Hai Nghi;R001','2017-07-14 10:54:36',NULL),(284,NULL,102130006,'opened course','58;English;Le Hai Nghi;R001','2017-07-14 10:54:36',NULL),(288,NULL,102130006,'opened course','52;English;Phan Thi Minh;R003','2017-07-14 10:54:36',NULL),(294,NULL,102130006,'reopened course','68;English;Le Hai Nghi;R001','2017-07-14 10:54:36',NULL),(323,NULL,102130006,'reopened course','76;English;Le Hai Nghi;R001','2017-07-14 10:54:36',NULL),(324,NULL,102130015,'reopened course','76;English;Le Hai Nghi;R001','2017-07-14 10:56:55',NULL),(332,NULL,102130003,'opened course','37;Java;Nguyen Huu Hung;R001','2017-07-14 16:26:41',NULL),(346,NULL,102130003,'opened course','14;English;Le Hai Nghi;R005','2017-07-14 16:26:41',NULL),(360,NULL,102130003,'opened course','83;English;Le Hai Nghi;R003','2017-07-14 16:26:41',NULL),(374,NULL,102130003,'opened course','82;English;Nguyen Van Binh;R002','2017-07-14 16:26:41',NULL),(388,NULL,102130003,'opened course','81;English;Phan Thi Minh;R004','2017-07-14 16:26:41',NULL),(402,NULL,102130003,'opened course','80;English;Ha Van Loi;R004','2017-07-14 16:26:41',NULL),(416,NULL,102130003,'opened course','79;English;Phan Thi Minh;R001','2017-07-14 16:26:41',NULL),(430,NULL,102130003,'opened course','78;English;Vo Thi Lam;R007','2017-07-14 16:26:41',NULL),(444,NULL,102130003,'opened course','75;PHP;Tran Hung;R009','2017-07-14 16:26:41',NULL),(458,NULL,102130003,'opened course','77;English;Nguyen Van Binh;R030','2017-07-14 16:26:41',NULL),(470,102130003,NULL,'requested course','1;323 4l2\'\" ,3l4l234\'','2017-07-14 16:30:01',0),(471,NULL,102130003,'denied course','323 4l2\'\" ,3l4l234\'','2017-07-14 16:30:14',NULL),(472,102130003,NULL,'requested course','2;Soft skill','2017-07-14 16:31:52',1),(321,102130001,NULL,'requested course','3;Java','2017-07-14 17:10:28',1),(326,102130001,NULL,'requested course','2;Soft skill','2017-07-14 17:15:01',1),(327,102130001,NULL,'requested major','jav;abcxyz......','2017-07-14 17:28:31',1),(327,102130001,NULL,'requested major','jav;abcxyz......','2017-07-14 17:34:27',1),(328,102130001,NULL,'requested course','3;Java','2017-07-14 17:35:29',1),(329,102130001,NULL,'requested course','5;IOS','2017-07-14 17:36:29',1),(508,102130001,NULL,'requested course','3;Java','2017-07-17 09:18:45',1),(510,102130001,NULL,'requested course','3;Java','2017-07-17 09:41:42',1),(512,102130001,NULL,'requested course','3;Java','2017-07-17 09:59:35',1),(510,102130001,NULL,'requested course','3;Java','2017-07-17 10:02:59',1),(510,102130001,NULL,'requested course','3;Java','2017-07-17 10:05:52',1),(516,102130001,NULL,'requested course','1;English','2017-07-17 10:09:46',1),(516,102130001,NULL,'requested course','1;English','2017-07-17 10:11:43',1),(331,NULL,102130001,'opened course','37;Java;Nguyen Huu Hung;R001','2017-07-17 10:52:53',NULL),(345,NULL,102130001,'opened course','14;English;Le Hai Nghi;R005','2017-07-17 10:52:53',NULL),(359,NULL,102130001,'opened course','83;English;Le Hai Nghi;R003','2017-07-17 10:52:53',NULL),(373,NULL,102130001,'opened course','82;English;Nguyen Van Binh;R002','2017-07-17 10:52:53',NULL),(387,NULL,102130001,'opened course','81;English;Phan Thi Minh;R004','2017-07-17 10:52:53',NULL),(401,NULL,102130001,'opened course','80;English;Ha Van Loi;R004','2017-07-17 10:52:53',NULL),(415,NULL,102130001,'opened course','79;English;Phan Thi Minh;R001','2017-07-17 10:52:53',NULL),(429,NULL,102130001,'opened course','78;English;Vo Thi Lam;R007','2017-07-17 10:52:54',NULL),(443,NULL,102130001,'opened course','75;PHP;Tran Hung;R009','2017-07-17 10:52:54',NULL),(457,NULL,102130001,'opened course','77;English;Nguyen Van Binh;R030','2017-07-17 10:52:54',NULL),(475,NULL,102130001,'opened course','73;Java;Duong Tuong;R002','2017-07-17 10:52:54',NULL),(489,NULL,102130001,'opened course','85;English;Nguyen Van Binh;R030','2017-07-17 10:52:54',NULL),(503,NULL,102130001,'approved course','Soft skill;86','2017-07-17 10:52:54',NULL),(504,NULL,102130001,'approved major','jav','2017-07-17 10:52:54',NULL),(505,NULL,102130001,'approved major','jav','2017-07-17 10:52:54',NULL),(506,NULL,102130001,'approved course','Java;88','2017-07-17 10:52:54',NULL),(507,NULL,102130001,'approved course','IOS;89','2017-07-17 10:52:54',NULL),(511,NULL,102130001,'approved course','Java;91','2017-07-17 10:52:54',NULL),(513,NULL,102130001,'approved course','Java;92','2017-07-17 10:52:54',NULL),(514,NULL,102130001,'approved course','Java;93','2017-07-17 10:52:54',NULL),(515,NULL,102130001,'approved course','Java;94','2017-07-17 10:52:54',NULL),(517,NULL,102130001,'approved course','English;95','2017-07-17 10:52:54',NULL),(518,NULL,102130001,'approved course','English;96','2017-07-17 10:52:54',NULL),(534,NULL,102130001,'opened course','89;IOS;Tran Van Hoi;R005','2017-07-17 10:52:54',NULL),(549,102130006,NULL,'requested major',';;;;p;;;;;;;;;','2017-07-17 14:43:07',0),(510,102130001,NULL,'requested course','3;Java','2017-07-17 15:14:38',0),(552,NULL,102130001,'opened course','96;English;Vo Hoan;R003','2017-07-17 15:14:51',NULL),(566,NULL,102130001,'opened course','24;English;Le Hai Nghi;R010','2017-07-17 15:14:51',NULL),(570,NULL,102130001,'opened course','24;English;Le Hai Nghi;R010','2017-07-17 15:14:51',NULL),(573,NULL,102130001,'denied course','Java','2017-07-17 15:14:51',NULL),(603,102130001,NULL,'requested course','2;Soft skill','2017-07-19 08:48:13',1),(604,NULL,102130001,'approved course','Soft skill;40','2017-07-19 08:48:29',NULL),(605,102130001,NULL,'requested course','3;Java','2017-07-19 09:00:49',1),(607,102130001,NULL,'requested course','1;English','2017-07-19 09:32:08',1),(613,102130001,NULL,'requested major','fasdfasfasfd;asdfasdfsadf!h\\fsdhdsafj','2017-07-19 12:03:43',0),(612,102130001,NULL,'requested major','jav;abcxyz','2017-07-19 13:09:15',1),(610,102130001,NULL,'requested major','jav;want to be an actor','2017-07-19 13:12:52',1),(606,NULL,102130001,'approved course','Java;42','2017-07-19 14:05:29',NULL),(609,NULL,102130001,'approved course','English;45','2017-07-19 14:05:29',NULL),(614,NULL,102130001,'denied major','fasdfasfasfd','2017-07-19 14:05:29',NULL),(615,NULL,102130001,'approved major','jav','2017-07-19 14:05:29',NULL),(616,NULL,102130001,'approved major','jav','2017-07-19 14:05:29',NULL),(618,NULL,102130001,'opened course','47;English;Le Hai Nghi;0101','2017-07-19 14:05:29',NULL),(611,102130001,NULL,'requested course','3;Java','2017-07-19 15:31:05',1),(679,NULL,102130001,'approved course','Java;76','2017-07-19 16:18:49',NULL),(608,102130001,NULL,'requested course','3;Java','2017-07-20 09:19:59',0),(704,NULL,102130001,'denied course','Java','2017-07-20 09:20:10',NULL),(322,NULL,102130002,'reopened course','76;English;Le Hai Nghi;R001','2017-07-20 09:23:51',NULL),(344,NULL,102130002,'opened course','14;English;Le Hai Nghi;R005','2017-07-20 09:23:51',NULL),(358,NULL,102130002,'opened course','83;English;Le Hai Nghi;R003','2017-07-20 09:23:51',NULL),(565,NULL,102130002,'opened course','24;English;Le Hai Nghi;R010','2017-07-20 09:23:51',NULL),(569,NULL,102130002,'opened course','24;English;Le Hai Nghi;R010','2017-07-20 09:23:51',NULL),(617,NULL,102130002,'opened course','47;English;Le Hai Nghi;0101','2017-07-20 09:23:51',NULL),(675,NULL,102130002,'reopened course','75;English;Le Hai Nghi;0101','2017-07-20 09:23:51',NULL),(680,NULL,102130002,'reopened course','77;English;Le Hai Nghi;0101','2017-07-20 09:23:51',NULL),(684,NULL,102130002,'reopened course','78;English;Le Hai Nghi;0102','2017-07-20 09:23:51',NULL),(688,NULL,102130002,'reopened course','79;English;Le Hai Nghi;0103','2017-07-20 09:23:51',NULL),(700,NULL,102130002,'reopened course','82;English;Le Hai Nghi','2017-07-20 09:23:51',NULL),(706,NULL,102130001,'opened course','15;Java;Nguyen Huu Hung','2017-07-20 09:24:31',NULL),(476,NULL,102130003,'opened course','73;Java;Duong Tuong;R002','2017-07-20 09:25:04',NULL),(490,NULL,102130003,'opened course','85;English;Nguyen Van Binh;R030','2017-07-20 09:25:04',NULL),(535,NULL,102130003,'opened course','89;IOS;Tran Van Hoi;R005','2017-07-20 09:25:04',NULL),(553,NULL,102130003,'opened course','96;English;Vo Hoan;R003','2017-07-20 09:25:04',NULL),(567,NULL,102130003,'opened course','24;English;Le Hai Nghi;R010','2017-07-20 09:25:04',NULL),(571,NULL,102130003,'opened course','24;English;Le Hai Nghi;R010','2017-07-20 09:25:04',NULL),(619,NULL,102130003,'opened course','47;English;Le Hai Nghi;0101','2017-07-20 09:25:04',NULL),(333,NULL,102130006,'opened course','37;Java;Nguyen Huu Hung;R001','2017-07-20 09:26:14',NULL),(347,NULL,102130006,'opened course','14;English;Le Hai Nghi;R005','2017-07-20 09:26:14',NULL),(361,NULL,102130006,'opened course','83;English;Le Hai Nghi;R003','2017-07-20 09:26:14',NULL),(375,NULL,102130006,'opened course','82;English;Nguyen Van Binh;R002','2017-07-20 09:26:14',NULL),(389,NULL,102130006,'opened course','81;English;Phan Thi Minh;R004','2017-07-20 09:26:14',NULL),(403,NULL,102130006,'opened course','80;English;Ha Van Loi;R004','2017-07-20 09:26:14',NULL),(417,NULL,102130006,'opened course','79;English;Phan Thi Minh;R001','2017-07-20 09:26:14',NULL),(431,NULL,102130006,'opened course','78;English;Vo Thi Lam;R007','2017-07-20 09:26:14',NULL),(445,NULL,102130006,'opened course','75;PHP;Tran Hung;R009','2017-07-20 09:26:14',NULL),(459,NULL,102130006,'opened course','77;English;Nguyen Van Binh;R030','2017-07-20 09:26:14',NULL),(477,NULL,102130006,'opened course','73;Java;Duong Tuong;R002','2017-07-20 09:26:14',NULL),(491,NULL,102130006,'opened course','85;English;Nguyen Van Binh;R030','2017-07-20 09:26:14',NULL),(536,NULL,102130006,'opened course','89;IOS;Tran Van Hoi;R005','2017-07-20 09:26:14',NULL),(554,NULL,102130006,'opened course','96;English;Vo Hoan;R003','2017-07-20 09:26:14',NULL),(568,NULL,102130006,'opened course','24;English;Le Hai Nghi;R010','2017-07-20 09:26:14',NULL),(572,NULL,102130006,'opened course','24;English;Le Hai Nghi;R010','2017-07-20 09:26:14',NULL),(620,NULL,102130006,'opened course','47;English;Le Hai Nghi;0101','2017-07-20 09:26:14',NULL),(668,NULL,102130006,'reopened course','73;English;Ha Van Loi;0101','2017-07-20 09:26:14',NULL),(672,NULL,102130006,'reopened course','74;English;Nguyen Van Binh;0101','2017-07-20 09:26:14',NULL),(676,NULL,102130006,'reopened course','75;English;Le Hai Nghi;0101','2017-07-20 09:26:14',NULL),(681,NULL,102130006,'reopened course','77;English;Le Hai Nghi;0101','2017-07-20 09:26:14',NULL),(685,NULL,102130006,'reopened course','78;English;Le Hai Nghi;0102','2017-07-20 09:26:14',NULL),(689,NULL,102130006,'reopened course','79;English;Le Hai Nghi;0103','2017-07-20 09:26:14',NULL),(693,NULL,102130006,'reopened course','80;English;Vo Hoan;0101','2017-07-20 09:26:14',NULL),(701,NULL,102130006,'reopened course','82;English;Le Hai Nghi','2017-07-20 09:26:14',NULL),(334,NULL,102130009,'opened course','37;Java;Nguyen Huu Hung;R001','2017-07-20 09:26:55',NULL),(348,NULL,102130009,'opened course','14;English;Le Hai Nghi;R005','2017-07-20 09:26:55',NULL),(362,NULL,102130009,'opened course','83;English;Le Hai Nghi;R003','2017-07-20 09:26:55',NULL),(376,NULL,102130009,'opened course','82;English;Nguyen Van Binh;R002','2017-07-20 09:26:55',NULL),(390,NULL,102130009,'opened course','81;English;Phan Thi Minh;R004','2017-07-20 09:26:55',NULL),(404,NULL,102130009,'opened course','80;English;Ha Van Loi;R004','2017-07-20 09:26:55',NULL),(418,NULL,102130009,'opened course','79;English;Phan Thi Minh;R001','2017-07-20 09:26:55',NULL),(432,NULL,102130009,'opened course','78;English;Vo Thi Lam;R007','2017-07-20 09:26:55',NULL),(446,NULL,102130009,'opened course','75;PHP;Tran Hung;R009','2017-07-20 09:26:55',NULL),(460,NULL,102130009,'opened course','77;English;Nguyen Van Binh;R030','2017-07-20 09:26:55',NULL),(478,NULL,102130009,'opened course','73;Java;Duong Tuong;R002','2017-07-20 09:26:55',NULL),(492,NULL,102130009,'opened course','85;English;Nguyen Van Binh;R030','2017-07-20 09:26:55',NULL),(537,NULL,102130009,'opened course','89;IOS;Tran Van Hoi;R005','2017-07-20 09:26:55',NULL),(555,NULL,102130009,'opened course','96;English;Vo Hoan;R003','2017-07-20 09:26:55',NULL),(621,NULL,102130009,'opened course','47;English;Le Hai Nghi;0101','2017-07-20 09:26:55',NULL),(707,NULL,102130002,'reopened course','85;English;Le Hai Nghi','2017-07-20 09:40:51',NULL),(711,102130001,NULL,'requested course','3;Java','2017-07-20 17:31:15',1),(755,NULL,102130005,'changed trainer','7;PHP;102130045;Tran Hung;102130005;Vo Van Chien','2017-07-24 10:06:02',NULL),(760,NULL,102130005,'changed trainer','7;PHP;102130005;Vo Van Chien;102130045;Tran Hung','2017-07-24 10:06:02',NULL),(761,NULL,102130005,'changed trainer','7;PHP;102130045;Tran Hung;102130005;Vo Van Chien','2017-07-24 10:06:02',NULL),(738,NULL,102130001,'approved course','Java;87','2017-07-24 10:30:26',NULL),(764,NULL,102130001,'changed trainer','14;English;102130002;Le Hai Nghi;102130012;Vo Hoan','2017-07-24 10:30:27',NULL),(732,102130001,NULL,'requested course','1;English','2017-07-24 10:40:40',0),(731,102130001,NULL,'requested course','1;English','2017-07-24 10:40:48',0),(730,102130001,NULL,'requested course','1;English','2017-07-24 10:40:54',0),(778,NULL,102130001,'denied course','English','2017-07-24 10:41:32',NULL),(779,NULL,102130001,'denied course','English','2017-07-24 10:41:32',NULL),(780,NULL,102130001,'denied course','English','2017-07-24 10:41:32',NULL),(794,NULL,102130001,'opened course','42;Java;Le Thi Tham','2017-07-26 09:28:15',NULL),(747,NULL,102130002,'reopened course','90;English;Le Hai Nghi','2017-07-26 10:09:56',NULL),(751,NULL,102130002,'reopened course','91;English;Le Hai Nghi','2017-07-26 10:09:56',NULL),(777,NULL,102130002,'changed trainer','14;English;102130002;Le Hai Nghi;102130012;Vo Hoan','2017-07-26 10:09:56',NULL),(786,NULL,102130002,'reopened course','92;English;Le Hai Nghi','2017-07-26 10:09:56',NULL),(728,102130001,NULL,'requested major','hj;hh','2017-07-26 15:07:23',0),(712,102130001,NULL,'requested major','BJ;a professional person','2017-07-26 15:14:09',0),(816,102130002,NULL,'modified schedule','14;0303;Tue;15:00:00;16:50:00;Thu;07:00:00;08:50:00','2017-07-27 13:40:34',0),(818,NULL,102130002,'denied schedule','14','2017-07-27 13:42:33',NULL),(815,102130002,NULL,'modified schedule','14;0104;Tue;15:00:00;16:50:00;Thu;09:00:00;10:50:00','2017-07-27 13:49:41',0),(819,NULL,102130002,'denied schedule','14','2017-07-27 13:49:47',NULL),(817,102130002,NULL,'requested schedule','32;2017-09-06;07:00:00;08:50:00','2017-07-27 16:28:29',0),(820,NULL,102130002,'denied schedule','32','2017-07-27 16:28:44',NULL),(822,102130002,NULL,'modified schedule','14;0101;Wed;07:00:00;08:50:00;Tue;07:00:00;08:50:00','2017-07-28 08:27:57',1),(823,NULL,102130002,'updated course','14;English;Le Hai Nghi','2017-07-28 08:28:10',NULL),(837,NULL,102130002,'approved schedule','14','2017-07-28 08:28:10',NULL),(821,102130002,NULL,'modified schedule','14;0304;Sat;07:00:00;08:50:00;Mon;07:00:00;08:50:00','2017-07-28 08:50:18',0),(814,102130002,NULL,'modified schedule','14;0101;Tue;15:00:00;16:50:00;Wed;07:00:00;08:50:00','2017-07-28 08:50:33',0),(809,102130002,NULL,'modified schedule','14;0303;Tue;15:00:00;16:50:00;Mon;15:00:00;16:50:00','2017-07-28 08:50:53',0),(813,102130002,NULL,'modified schedule','14;0303;Tue;15:00:00;16:50:00;Wed;15:00:00;16:50:00','2017-07-28 08:50:58',0),(838,NULL,102130002,'denied schedule','14','2017-07-28 09:27:43',NULL),(839,NULL,102130002,'denied schedule','14','2017-07-28 09:27:43',NULL),(840,NULL,102130002,'denied schedule','14','2017-07-28 09:27:43',NULL),(841,NULL,102130002,'denied schedule','14','2017-07-28 09:27:43',NULL),(810,NULL,102130001,'denied major','hj','2017-07-28 10:06:42',NULL),(811,NULL,102130001,'denied major','BJ','2017-07-28 10:06:42',NULL),(824,NULL,102130001,'updated course','14;English;Le Hai Nghi','2017-07-28 10:06:42',NULL),(852,NULL,102130001,'opened course','22;Java;Duong Tuong','2017-07-28 14:31:48',NULL),(866,NULL,102130001,'opened course','33;English;Le Hai Nghi','2017-07-28 14:31:48',NULL),(880,NULL,102130001,'opened course','43;English;Le Hai Nghi','2017-07-28 14:31:48',NULL),(894,NULL,102130001,'opened course','93;Java;Nguyen Manh Hung','2017-07-28 14:31:48',NULL),(865,NULL,102130002,'opened course','33;English;Le Hai Nghi','2017-07-28 15:27:21',NULL),(879,NULL,102130002,'opened course','43;English;Le Hai Nghi','2017-07-28 15:27:21',NULL),(847,NULL,102130005,'reopened course','96;PHP;Vo Van Chien','2017-07-28 15:35:20',NULL),(911,NULL,102130005,'updated course','7;PHP;Vo Van Chien','2017-07-28 15:38:01',NULL),(909,102130005,NULL,'requested schedule','30;2017-08-11;09:00:00;10:50:00','2017-07-28 15:48:15',1),(913,NULL,102130005,'updated course','7;PHP;Vo Van Chien','2017-07-28 15:48:24',NULL),(915,NULL,102130005,'updated course','7;PHP;Vo Van Chien','2017-07-28 15:48:24',NULL),(917,NULL,102130005,'updated course','7;PHP;Vo Van Chien','2017-07-28 15:48:24',NULL),(919,NULL,102130005,'updated course','7;PHP;Vo Van Chien','2017-07-28 15:48:24',NULL),(921,NULL,102130005,'approved schedule','30','2017-07-28 15:48:24',NULL),(907,102130005,NULL,'requested schedule','32;2017-08-11;09:00:00;10:50:00','2017-07-28 15:53:00',0),(908,102130005,NULL,'requested schedule','32;2017-08-11;09:00:00;10:50:00','2017-07-28 15:53:14',0),(808,102130002,NULL,'requested schedule','32;2017-09-06;07:00:00;08:50:00','2017-07-28 15:57:28',0),(922,NULL,102130005,'denied schedule','32','2017-07-28 15:58:08',NULL),(923,NULL,102130005,'denied schedule','32','2017-07-28 15:58:09',NULL),(924,NULL,102130002,'denied schedule','32','2017-07-28 16:41:24',NULL),(1031,NULL,102130002,'opened course','47;English;Le Hai Nghi','2017-07-28 16:41:24',NULL),(1045,NULL,102130002,'opened course','1;English;Le Hai Nghi','2017-07-28 16:41:24',NULL),(1059,102130001,NULL,'requested course','2;Soft skill','2017-07-28 16:47:33',0),(910,102130002,NULL,'modified schedule','14;0102;Tue;07:00:00;08:50:00;Fri;13:00:00;14:50:00','2017-07-28 16:47:40',0),(930,NULL,102130001,'opened course','35;PHP;Vo Van Chien','2017-07-28 16:48:04',NULL),(944,NULL,102130001,'opened course','36;PHP;Tran Van Tai','2017-07-28 16:48:04',NULL),(958,NULL,102130001,'opened course','44;PHP;Tran Hung','2017-07-28 16:48:04',NULL),(972,NULL,102130001,'opened course','99;Soft skill;Le Tham Duong','2017-07-28 16:48:04',NULL),(990,NULL,102130001,'opened course','97;Soft skill;Nguyen Thanh Trung','2017-07-28 16:48:04',NULL),(1004,NULL,102130001,'opened course','94;Java;Nguyen Huu Hung','2017-07-28 16:48:04',NULL),(1018,NULL,102130001,'opened course','93;Java;Nguyen Manh Hung','2017-07-28 16:48:04',NULL),(1032,NULL,102130001,'opened course','47;English;Le Hai Nghi','2017-07-28 16:48:04',NULL),(1046,NULL,102130001,'opened course','1;English;Le Hai Nghi','2017-07-28 16:48:04',NULL),(1060,NULL,102130001,'denied course','Soft skill','2017-07-28 16:48:04',NULL),(1062,102130001,NULL,'requested course','2;Soft skill','2017-07-28 16:49:18',1),(1063,NULL,102130001,'approved course','Soft skill;100','2017-07-28 16:49:43',NULL),(925,NULL,102130005,'reopened course','98;PHP;Vo Van Chien','2017-07-31 10:45:10',NULL),(929,NULL,102130005,'opened course','35;PHP;Vo Van Chien','2017-07-31 10:45:10',NULL),(1181,NULL,102130005,'opened course','35;PHP;Vo Van Chien','2017-07-31 10:45:10',NULL),(1377,NULL,102130005,'reopened course','101;PHP;Vo Van Chien','2017-07-31 10:45:10',NULL),(1409,102130005,NULL,'modified schedule','7;0105;Mon;09:00:00;10:50:00;Tue;07:00:00;08:50:00','2017-07-31 12:55:35',0),(812,102130002,NULL,'modified schedule','14;0101;Tue;15:00:00;16:50:00;Wed;07:00:00;08:50:00','2017-07-31 12:56:50',0),(783,102130002,NULL,'requested schedule','32;0303;2017-09-06;07:00:00;08:50:00','2017-07-31 14:22:00',0),(792,102130002,NULL,'requested schedule','32;0304;2017-09-06;13:00:00;14:50:00','2017-07-31 14:22:08',0),(729,102130001,NULL,'requested course','2;Soft skill','2017-07-31 14:40:03',1),(1065,NULL,102130001,'opened course','25;English;Le Hai Nghi','2017-07-31 15:46:12',NULL),(1070,NULL,102130001,'opened course','100;Soft skill;Le Tham Duong','2017-07-31 15:46:12',NULL),(1084,NULL,102130001,'opened course','22;Java;Duong Tuong','2017-07-31 15:46:12',NULL),(1098,NULL,102130001,'opened course','45;English;Vo Hoan','2017-07-31 15:46:13',NULL),(1112,NULL,102130001,'opened course','42;Java;Le Thi Tham','2017-07-31 15:46:13',NULL),(1126,NULL,102130001,'opened course','37;PHP;Tran Van Tai','2017-07-31 15:46:13',NULL),(1140,NULL,102130001,'opened course','36;PHP;Tran Van Tai','2017-07-31 15:46:13',NULL),(1154,NULL,102130001,'opened course','94;Java;Nguyen Huu Hung','2017-07-31 15:46:13',NULL),(1168,NULL,102130001,'opened course','28;Java;Vo Thi Hong','2017-07-31 15:46:13',NULL),(1182,NULL,102130001,'opened course','35;PHP;Vo Van Chien','2017-07-31 15:46:13',NULL),(1196,NULL,102130001,'opened course','100;Soft skill;Le Tham Duong','2017-07-31 15:46:13',NULL),(1210,NULL,102130001,'opened course','99;Soft skill;Le Tham Duong','2017-07-31 15:46:13',NULL),(1224,NULL,102130001,'opened course','100;Soft skill;Le Tham Duong','2017-07-31 15:46:13',NULL),(1238,NULL,102130001,'opened course','100;Soft skill;Le Tham Duong','2017-07-31 15:46:13',NULL),(1252,NULL,102130001,'opened course','33;English;Le Hai Nghi','2017-07-31 15:46:13',NULL),(1266,NULL,102130001,'opened course','97;Soft skill;Nguyen Thanh Trung','2017-07-31 15:46:13',NULL),(1280,NULL,102130001,'opened course','99;Soft skill;Le Tham Duong','2017-07-31 15:46:13',NULL),(1294,NULL,102130001,'opened course','97;Soft skill;Nguyen Thanh Trung','2017-07-31 15:46:13',NULL),(1308,NULL,102130001,'opened course','94;Java;Nguyen Huu Hung','2017-07-31 15:46:13',NULL),(1322,NULL,102130001,'opened course','93;Java;Nguyen Manh Hung','2017-07-31 15:46:13',NULL),(1336,NULL,102130001,'opened course','94;Java;Nguyen Huu Hung','2017-07-31 15:46:13',NULL),(1350,NULL,102130001,'opened course','93;Java;Nguyen Manh Hung','2017-07-31 15:46:13',NULL),(1364,NULL,102130001,'opened course','94;Java;Nguyen Huu Hung','2017-07-31 15:46:13',NULL),(1382,NULL,102130001,'opened course','1;English;Le Hai Nghi','2017-07-31 15:46:13',NULL),(1396,NULL,102130001,'opened course','1;English;Le Hai Nghi','2017-07-31 15:46:13',NULL),(1414,NULL,102130001,'approved course','Soft skill;102','2017-07-31 15:46:13',NULL),(1416,NULL,102130001,'opened course','97;Soft skill;Nguyen Thanh Trung','2017-07-31 15:46:13',NULL),(1430,NULL,102130001,'opened course','99;Soft skill;Le Tham Duong','2017-07-31 15:46:13',NULL),(1444,NULL,102130001,'opened course','34;IOS;Le Hai Nghi','2017-07-31 15:46:13',NULL),(1458,NULL,102130001,'opened course','37;PHP;Tran Van Tai','2017-07-31 15:46:13',NULL),(1472,NULL,102130001,'opened course','44;PHP;Tran Hung','2017-07-31 15:46:13',NULL),(1486,NULL,102130001,'opened course','100;Soft skill;Le Tham Duong','2017-07-31 15:46:13',NULL),(1500,NULL,102130001,'opened course','94;Java;Nguyen Huu Hung','2017-07-31 15:46:13',NULL),(1514,NULL,102130001,'opened course','100;Soft skill;Le Tham Duong','2017-07-31 15:46:13',NULL),(1528,NULL,102130001,'opened course','100;Soft skill;Le Tham Duong','2017-07-31 15:46:14',NULL),(1410,NULL,102130005,'denied schedule','7','2017-08-01 10:59:52',NULL),(785,102130002,NULL,'modified schedule','14;0303;Tue;Mon;15:00:00;16:50:00','2017-08-01 15:34:55',0),(1559,NULL,102130001,'opened course','15;Java;Nguyen Huu Hung','2017-08-01 16:20:54',NULL),(713,102130001,NULL,'requested course','3;Java','2017-08-02 08:10:49',0),(842,102130002,NULL,'modified schedule','14;0303;Thu;15:00:00;16:50:00;Mon;13:00:00;14:50:00','2017-08-02 08:11:06',1),(1545,102130002,NULL,'modified schedule','14;0304;Wed;09:00:00;10:50:00;Mon;09:00:00;10:50:00','2017-08-02 08:51:14',0),(791,102130002,NULL,'modified schedule','14;0102;Tue;15:00:00;16:50:00;Tue;07:00:00;08:50:00','2017-08-02 08:51:22',0),(1061,NULL,102130002,'denied schedule','14','2017-08-02 09:38:06',NULL),(1064,NULL,102130002,'opened course','25;English;Le Hai Nghi','2017-08-02 09:38:06',NULL),(1251,NULL,102130002,'opened course','33;English;Le Hai Nghi','2017-08-02 09:38:06',NULL),(1381,NULL,102130002,'opened course','1;English;Le Hai Nghi','2017-08-02 09:38:06',NULL),(1395,NULL,102130002,'opened course','1;English;Le Hai Nghi','2017-08-02 09:38:07',NULL),(1411,NULL,102130002,'denied schedule','14','2017-08-02 09:38:07',NULL),(1412,NULL,102130002,'denied schedule','32','2017-08-02 09:38:07',NULL),(1413,NULL,102130002,'denied schedule','32','2017-08-02 09:38:07',NULL),(1443,NULL,102130002,'opened course','34;IOS;Le Hai Nghi','2017-08-02 09:38:07',NULL),(1557,NULL,102130002,'denied schedule','14','2017-08-02 09:38:07',NULL),(1565,NULL,102130002,'updated course','14;English;Le Hai Nghi','2017-08-02 09:38:07',NULL),(1567,NULL,102130002,'approved schedule','14','2017-08-02 09:38:07',NULL),(1572,NULL,102130002,'denied schedule','14','2017-08-02 09:38:07',NULL),(1573,NULL,102130002,'denied schedule','14','2017-08-02 09:38:07',NULL),(1564,NULL,102130001,'denied course','Java','2017-08-02 09:40:00',NULL),(1566,NULL,102130001,'updated course','14;English;Le Hai Nghi','2017-08-02 09:40:00',NULL),(1571,102130002,NULL,'requested schedule','124;2017-08-05;07:00:00;08:50:00','2017-08-02 09:40:22',0),(1570,102130002,NULL,'modified schedule','5;0105;Mon;13:00:00;14:50:00;Wed;13:00:00;14:50:00','2017-08-02 09:41:28',1),(1569,102130001,NULL,'requested major','Attitude;Training about attitude','2017-08-02 09:41:40',0),(1568,102130001,NULL,'requested course','1;English','2017-08-02 09:42:16',1),(1574,NULL,102130002,'denied schedule','124','2017-08-02 09:42:25',NULL),(1575,NULL,102130002,'updated course','5;English;Le Hai Nghi','2017-08-02 09:42:25',NULL),(1582,NULL,102130002,'approved schedule','5','2017-08-02 09:42:25',NULL),(1576,NULL,102130001,'updated course','5;English;Le Hai Nghi','2017-08-02 09:43:24',NULL),(1583,NULL,102130001,'denied major','Attitude','2017-08-02 09:43:24',NULL),(1584,NULL,102130001,'approved course','English;104','2017-08-02 09:43:24',NULL),(1587,102130002,NULL,'requested schedule','183;2017-12-02;07:00:00;08:50:00','2017-08-02 09:58:53',0),(1586,102130002,NULL,'requested schedule','179;2017-11-17;13:00:00;14:50:00','2017-08-02 09:58:59',0),(1585,102130002,NULL,'modified schedule','25;0104;Mon;09:00:00;10:50:00;Tue;09:00:00;10:50:00','2017-08-02 09:59:05',0),(1597,102130002,NULL,'requested schedule','179;2017-11-17;07:00:00;08:50:00','2017-08-02 14:49:57',1),(1588,NULL,102130002,'denied schedule','183','2017-08-02 14:50:08',NULL),(1589,NULL,102130002,'denied schedule','179','2017-08-02 14:50:08',NULL),(1590,NULL,102130002,'denied schedule','25','2017-08-02 14:50:08',NULL),(1598,NULL,102130002,'updated course','33;English;Le Hai Nghi','2017-08-02 14:50:08',NULL),(1625,NULL,102130002,'approved schedule','179','2017-08-02 14:50:08',NULL),(1599,NULL,102130001,'updated course','33;English;Le Hai Nghi','2017-08-02 15:01:02',NULL),(1627,NULL,102130001,'opened course','105;Java;Nguyen Huu Hung','2017-08-02 15:01:02',NULL),(1654,NULL,102130001,'opened course','104;English;Vo Thi Lam','2017-08-03 08:25:45',NULL),(1681,102130001,NULL,'requested course','1;English','2017-08-03 08:50:34',1),(1683,102130001,NULL,'requested major','Attitude;Attitude','2017-08-03 13:24:35',1),(1692,102130002,NULL,'requested schedule','143;2017-08-25;07:00:00;08:50:00','2017-08-03 13:27:47',0),(1685,NULL,102130002,'opened course','5;English;Le Hai Nghi','2017-08-03 13:27:54',NULL),(1693,NULL,102130002,'denied schedule','143','2017-08-03 13:27:54',NULL);
/*!40000 ALTER TABLE `read_notification` ENABLE KEYS */;
UNLOCK TABLES;

--
-- Table structure for table `room`
--

DROP TABLE IF EXISTS `room`;
/*!40101 SET @saved_cs_client     = @@character_set_client */;
/*!40101 SET character_set_client = utf8 */;
CREATE TABLE `room` (
  `id` varchar(4) NOT NULL,
  `capacity` int(11) DEFAULT NULL,
  `quality` enum('high','medium','low') DEFAULT NULL,
  PRIMARY KEY (`id`)
) ENGINE=InnoDB DEFAULT CHARSET=utf8mb4;
/*!40101 SET character_set_client = @saved_cs_client */;

--
-- Dumping data for table `room`
--

LOCK TABLES `room` WRITE;
/*!40000 ALTER TABLE `room` DISABLE KEYS */;
INSERT INTO `room` VALUES ('0101',20,'low'),('0102',20,'low'),('0103',20,'low'),('0104',20,'low'),('0105',20,'low'),('0201',30,'medium'),('0202',30,'medium'),('0203',30,'medium'),('0204',30,'medium'),('0205',30,'medium'),('0301',40,'high'),('0302',40,'high'),('0303',40,'high'),('0304',40,'high'),('0305',40,'high');
/*!40000 ALTER TABLE `room` ENABLE KEYS */;
UNLOCK TABLES;

--
-- Table structure for table `trainee`
--

DROP TABLE IF EXISTS `trainee`;
/*!40101 SET @saved_cs_client     = @@character_set_client */;
/*!40101 SET character_set_client = utf8 */;
CREATE TABLE `trainee` (
  `id` int(11) NOT NULL,
  `school` varchar(64) CHARACTER SET utf8 NOT NULL,
  `faculty` varchar(64) CHARACTER SET utf8 NOT NULL,
  `typeOfStudent` enum('freshman','sophomore','junior','super junior','senior') DEFAULT NULL,
  PRIMARY KEY (`id`),
  CONSTRAINT `trainee_ibfk_1` FOREIGN KEY (`id`) REFERENCES `account` (`id`)
) ENGINE=InnoDB DEFAULT CHARSET=latin1;
/*!40101 SET character_set_client = @saved_cs_client */;

--
-- Dumping data for table `trainee`
--

LOCK TABLES `trainee` WRITE;
/*!40000 ALTER TABLE `trainee` DISABLE KEYS */;
INSERT INTO `trainee` VALUES (102130001,'DUT','IT','freshman'),(102130003,'DUT','IT','freshman'),(102130006,'DUT','IT','super junior'),(102130009,'DUT','IT','super junior'),(102130015,'DUT','IT','freshman'),(102130016,'DUT','IT','freshman'),(102130017,'DUE','IT','sophomore'),(102130018,'DTU','IT','junior'),(102130019,'DUT','IT','junior'),(102130020,'DUT','IT','freshman'),(102130021,'DUE','IT','freshman'),(102130022,'123125','13213233','senior'),(102130030,'DUT','IT','freshman'),(102130031,'DUT','IT','senior'),(102130032,'DUT','TT','senior'),(102130034,'DUT','IT','freshman'),(102130039,'DUE','IT','freshman'),(102130040,'DUT','IT','senior'),(102130049,'DUT','IT','senior'),(102130051,'DUT','IT','super junior'),(102130052,'asfasd','12ada','freshman'),(102130053,'adf','adas','freshman'),(102130059,'23aasda','adasda','freshman'),(102130063,'DUT','IT','freshman'),(102130064,'DUT','IT','freshman'),(102130067,'DUT','IT','freshman');
/*!40000 ALTER TABLE `trainee` ENABLE KEYS */;
UNLOCK TABLES;

--
-- Table structure for table `trainer`
--

DROP TABLE IF EXISTS `trainer`;
/*!40101 SET @saved_cs_client     = @@character_set_client */;
/*!40101 SET character_set_client = utf8 */;
CREATE TABLE `trainer` (
  `id` int(11) NOT NULL,
  `majorId` int(11) DEFAULT NULL,
  `experience` int(11) DEFAULT '1',
  PRIMARY KEY (`id`),
  KEY `majorId` (`majorId`),
  CONSTRAINT `trainer_ibfk_1` FOREIGN KEY (`id`) REFERENCES `account` (`id`),
  CONSTRAINT `trainer_ibfk_2` FOREIGN KEY (`majorId`) REFERENCES `major` (`id`)
) ENGINE=InnoDB DEFAULT CHARSET=latin1;
/*!40101 SET character_set_client = @saved_cs_client */;

--
-- Dumping data for table `trainer`
--

LOCK TABLES `trainer` WRITE;
/*!40000 ALTER TABLE `trainer` DISABLE KEYS */;
INSERT INTO `trainer` VALUES (102130002,1,4),(102130005,4,3),(102130008,3,3),(102130012,1,1),(102130027,1,1),(102130028,3,3),(102130029,3,3),(102130033,4,4),(102130035,3,3),(102130036,1,1),(102130037,3,3),(102130038,2,2),(102130041,4,5),(102130042,1,1),(102130043,1,1),(102130044,3,3),(102130045,4,4),(102130046,2,5),(102130047,3,5),(102130048,2,5),(102130050,1,1),(102130054,1,1),(102130055,1,1),(102130056,1,1),(102130057,1,1),(102130058,1,1),(102130060,1,1),(102130061,1,1),(102130062,10,1),(102130065,1,1),(102130066,5,3);
/*!40000 ALTER TABLE `trainer` ENABLE KEYS */;
UNLOCK TABLES;
/*!40103 SET TIME_ZONE=@OLD_TIME_ZONE */;

/*!40101 SET SQL_MODE=@OLD_SQL_MODE */;
/*!40014 SET FOREIGN_KEY_CHECKS=@OLD_FOREIGN_KEY_CHECKS */;
/*!40014 SET UNIQUE_CHECKS=@OLD_UNIQUE_CHECKS */;
/*!40101 SET CHARACTER_SET_CLIENT=@OLD_CHARACTER_SET_CLIENT */;
/*!40101 SET CHARACTER_SET_RESULTS=@OLD_CHARACTER_SET_RESULTS */;
/*!40101 SET COLLATION_CONNECTION=@OLD_COLLATION_CONNECTION */;
/*!40111 SET SQL_NOTES=@OLD_SQL_NOTES */;

-- Dump completed on 2017-08-04  9:54:59
